nome,email,empresa,cidade,servidor_mx,provedor
Deise,deise@3corp.com.br,3CORP Technology Distribuidora de Equipamentos S.A.,São Paulo /SP,3corp-com-br.mail.protection.outlook.com.,Microsoft 365
José Morales,atendimento@azevedooleos.com.br,A Azevedo Ind. e Com. de Óleos Ltda.,São Paulo /SP,azevedooleos-com-br.mail.protection.outlook.com.,Microsoft 365
Ângelo Pedro Squassoni,faberexports@linkway.com.br,A. W. Faber Castell S.A.,São Carlos /SP,mia1-load.linksan.com.br.,Outro
Marcia,supane@ame.com.br,A.M.E Eletrônica Ltda.,São Paulo /SP,mx.core.locaweb.com.br.,Locaweb
Carlos Lira,carloslira@abapapeis.com.br,Aba Distribuidora de Papeis Máquinas e Equipamentos Ltda.,São Caetano do Sul /SP,mx.uhserver.com.,Outro
Ricardo,info@abctecnologias.com.br,ABC Equipamentos e Tecnologias Ambientais Ltda. - EPP,Vinhedo /SP,mx.jk.locaweb.com.br.,Locaweb
Jose Benedito Padilha,abp@abpimport.com.br,ABP Importadora e Comercial Ltda,Sao Paulo /SP,abpimport-com-br.mail.protection.outlook.com.,Microsoft 365
Rafael,marketing@aceschmersal.com.br,Ace Schmersal Eletroeletrônica Ind.l Ltda.,Boituva /SP,.,Outro
Ligia,ligia.comex@acoespecial.com.br,Acoespecial Coml. Ltda.,São Paulo /SP,mx.uhserver.com.,Outro
Camila Barros,camila@acpcomponentes.com.br,Acp Comércio Atacadista de Componentes Eletrônicos Ltda.,São Paulo /SP,mx.core.locaweb.com.br.,Locaweb
Rubens Peres Júnior,export@acrilex.com.br,Acrilex Tintas Especiais S.A.,São Bernardo do Campo /SP,acrilex-com-br.mail.protection.outlook.com.,Microsoft 365
Artemio Da Silva Barbosa,belemmaquinas@uol.com.br,Actreg do Brasil Ltda.,Sorocaba /SP,mx.uol.com.br.,UOL/Terra
Cinthia / Karla / Everton / Gustavo,gonzalo.perez@ajax.com.br,Acumuladores Ajax Ltda.,Bauru /SP,.,Outro
Edvaldo Zara,hecton@aczinox.com.br,Acz Inox Comercial Ltda,Sao Bernardo do Campo /SP,ALT1.ASPMX.L.GOOGLE.COM.,Google Workspace
Luis,luis@adaime.com.br,Adaime Imp. e Exp. Ltda.,Valinhos /SP,mx.emailsecurityonline.com.,Outro
Daniel Mehler,adatex@adatex.com.br,Adatex S.A. Industrial e Comercial,Jacareí /SP,mx.a.locaweb.com.br.,Locaweb
Marcio Schiaveto,addn@addn.com.br,Addn Assistência Técnica Com. e Ind. Ltda.,Sertãozinho /SP,b.mx.addn.com.br.,Outro
Vera Hamerski,vera@adelbras.com,Adelbras Ind. e Com. de Adesivos Ltda.,Valinhos /SP,adelbras-com.mail.protection.outlook.com.,Microsoft 365
José Roberto Vincinança,adere@adere.com,Adere Produtos Auto Adesivos Ltda.,Campinas /SP,adere-com.mail.protection.outlook.com.,Microsoft 365
Stella Pavlakis,stella.pavlakis@sonora.com,Advanced Bionics Instrumentos Auditivos do Brasil Ltda.,São Paulo /SP,alt4.aspmx.l.google.com.,Google Workspace
Morgan Watkins,juliana@aerzen.com.br,Aerzen do Brasil Ltda.,Cotia /SP,mx.jk.locaweb.com.br.,Locaweb
Ana Paula Ferreira,anapaulaferreira@agrana.com,Agrana Fruit Brasil Ind. Com. Imp. e Exp. Ltda.,Cabreúva /SP,agrana-com.mail.protection.outlook.com.,Microsoft 365
Carla Souza,carlasouza@agrichem.com.br,Agrichem do Brasil Ltda.,Ribeirão Preto /SP,agrichem-com-br.mail.protection.outlook.com.,Microsoft 365
Maria Antonia,mantonia@agrowiser.com.br,Agro Comercial Wiser Ltda.,Diadema /SP,mx.b.locaweb.com.br.,Locaweb
Vivian,comercial@swagelok.com.br,Agroceres Nutricão Animal Ltda.,São Paulo /SP,swagelok-com-br.mail.protection.outlook.com.,Microsoft 365
Ailton,ailton@agroplanta.com.br,Agroplanta Industrias Químicas Ltda.,Batatais /SP,agroplanta-com-br.mail.protection.outlook.com.,Microsoft 365
José,jose@stahl.com.br,Agrostahl S.A. Ind. e Com.,Mairinque /SP,stahl-com-br.mail.protection.outlook.com.,Microsoft 365
Lidia Oliveira,lidia.oliveira@agrosystem.com.br,"Agrosystem Com., Importação e Exp. Ltda.",Ribeirão Preto /SP,agrosystem-com-br.mail.protection.outlook.com.,Microsoft 365
Roberson  / Tadeu,roberson@agrariafert.com.br,Agrária Ind. e Com. Ltda.,Jardinópolis /SP,mx.b.locaweb.com.br.,Locaweb
Marocs Higo,mhigo@aisin-brasil.com.br,Aisin do Brasil Com. e Ind. Ltda.,Barueri /SP,barracuda.penso.com.br.,Corporativo Protegido
Claudio Pagani,sac@br.ajinomoto.com,Ajinomoto Biolatina Ind. e Com. Ltda.,São Paulo /SP,br-ajinomoto-com.mail.protection.outlook.com.,Microsoft 365
Regiane,import@alamarr.com.br,Alamar Tecno Cientifica Ltda.,Diadema /SP,aspmx.l.google.com.,Google Workspace
Gisele Pavan,alcar@alcar.com.br,Alcar Abrasivos Ltda.,Vinhedo /SP,mail.alcar.com.br.,Outro
Rodrigo Ferreira,rodrigo.ferreira@aleris.com,Aleris Latasa Reciclagem Ltda.,São Paulo /SP,mx0b-001f4a02.pphosted.com.,Corporativo Protegido
Michelle,compras@alfaterm.com.br,Alfaterm Ind. e Com. Ltda.,Santana de Parnaíba /SP,alfaterm-com-br.mail.protection.outlook.com.,Microsoft 365
José Roberto Codato,import@alicante.com.br,Alicante Comércio Importação e Exportação Ltda.,São Paulo /SP,mx.jk.locaweb.com.br.,Locaweb
Katiuscia Paulon,katiuscia.paulon@alliancels.com,Alliance eo Brasil Máquinas ee Lavanderia Ltda.,São Paulo /SP,alliancels-com.mail.protection.outlook.com.,Microsoft 365
Bruno Giacometti,bgiacometti@alliedbrasil.com.br,Allied S.A.,São Paulo /SP,alliedbrasil-com-br.mail.eo.outlook.com.,Microsoft 365
Mori,mmori@alphapex.com.br,Alphapex Comercio e Representações Ltda.,Sao Paulo /SP,alphapex-com-br.mail.protection.outlook.com.,Microsoft 365
Solange Souza,solange.souza@alpino.com.br,Alpino Ind. Metalúrgica Ltda.,Jundiaí /SP,alpino-com-br.mail.protection.outlook.com.,Microsoft 365
Jean Silva,jean.silva@alvenius.ind.br,Alvenius Equipamentos Tubulares Ltda.,Cotia /SP,mx01.picture.com.br.,Outro
Sergio Freitas / Marco Bosso,vendas@amphenol-tfc.com.br,Amphenol TFC do Brasil Ltda.,Campinas /SP,amphenoltfc-com-br02b.mail.protection.outlook.com.,Microsoft 365
Luci Zilig,comercial@centroflora.com.br,Anidro Brasil Extrações Ltda.,Botucatu /SP,centroflora-com-br.mail.protection.outlook.com.,Microsoft 365
Silvana,silvana.caires@anritsu.com,Anritsu Eletrônica Ltda.,São Paulo /SP,anritsu-com.mail.protection.outlook.com.,Microsoft 365
Augusto Marcelo Gabriel,anticorrosiva@uol.com.br,Anticorrosiva do Brasil Ltda.,Ribeirão Preto /SP,mx.uol.com.br.,UOL/Terra
Sérgio Epof,epof@apisdelta.com.br,Apis Delta Ltda.,Diadema /SP,mx.core.locaweb.com.br.,Locaweb
Herminio De Almeida Filho,herminio@apsen.com.br,Apsen Farmacêutica S.A.,São Paulo /SP,mx0a-002d8001.pphosted.com.,Corporativo Protegido
Gilberto Murgia,eribeiro@apv.com,Apv South America Ind. e Com. Ltda.,São Bernardo do Campo /SP,apv-com.mail.protection.outlook.com.,Microsoft 365
Jose Carlos Brauner,braunerjc@losinox.com.br,Argosy Aparelhos Auditivos Ltda.,São Paulo /SP,losinox-com-br.mail.protection.outlook.com.,Microsoft 365
Edson da Mata Santos,damata_arim@uol.com.br,Arim Componentes para Fogão Ltda.,Santana de Parnaíba /SP,mx.uol.com.br.,UOL/Terra
Adriana,adriana.renor@orthofix.com.br,Arinox Comercial Ltda.,Barueri /SP,eu-smtp-inbound-2.mimecast.com.,Corporativo Protegido
Luiz Gomes,luiz.gomes@armacell.com,Armacell Brasil Ltda.,Pindamonhangaba /SP,armacell-com.mail.protection.outlook.com.,Microsoft 365
Marco Antonio,comex@arneg.com.br,Arneg Brasil Ltda.,Paulínia /SP,mx2.arneg.com.br.,Outro
Rubia,compras@egsa.com.br,Aromat Produtos Químicos Ltda.,Paulínia /SP,egsa-com-br.mail.protection.outlook.com.,Microsoft 365
Ricardo,importacao@arotec.com.br,Arotec S.A. Ind. e Com.,Cotia /SP,arotec-com-br.mail.protection.outlook.com.,Microsoft 365
Diana,comex@arpol.com.br,Arpol Tintas Tecnologia Ltda.,Osasco /SP,arpol-com-br.mail.protection.outlook.com.,Microsoft 365
André Correa,andre.correa@arrowbrasil.com.br,Arrow Brasil S.A.,São Paulo /SP,.,Outro
Jorge /Betânia,jorge@arthi.com.br,Arthi Comercial Ltda.,São Paulo /SP,mx.b.locaweb.com.br.,Locaweb
José Ricardo Xavier,asa@asaaluminio.com.br,Asa Alumínio S.A.,Campinas /SP,mx.jk.locaweb.com.br.,Locaweb
Maurício Garcia,ascobrbr@ascoval.com.br,Ascoval Ind. e Com. Ltda.,São Paulo /SP,mxb-00300601.gslb.pphosted.com.,Corporativo Protegido
Rogerio,rogerio@asperbras.com.br,Asperbras-Nordeste Irrigação Ltda.,Penápolis /SP,asperbras-com-br.mail.protection.outlook.com.,Microsoft 365
Juliano Oni,doural@doural.com.br,Assad Abdalla Neto & Cia Ltda.,São Paulo /SP,mx.core.locaweb.com.br.,Locaweb
Creusa,assahi@assahimaquinas.com.br,Assahi Máquinas e Equipamentos Ltda.,São Paulo /SP,alt4.aspmx.l.google.com.,Google Workspace
Antonio Mauricio,mauricio@afip.com.br,Associacão Fundo de Incentivo A Psicofarmacologia,São Paulo /SP,afip-com-br.mail.protection.outlook.com.,Microsoft 365
José Ubaldino Rosa,asbg@asbg.com.br,Associated Spring do Brasil Ltda.,Campinas /SP,asbg-com-br.mail.protection.outlook.com.,Microsoft 365
Luiz Fernado Martinez Mendes,aumund@aumund.com.br,Aumund Ltda.,São Paulo /SP,mailgate.aumund.de.,Outro
Sandra,sandra@autcomp.com.br,Aut Cia. Indl. e Importadora Ltda.,São Paulo /SP,alt1.aspmx.l.google.com.,Google Workspace
Wesley,autimpex@autimpex.com.br,Autimpex Comercial Ltda.- Epp,Guarulhos /SP,mx-ha.cfr.net.br.,Outro
Elisa Akemi M. Hirokawa,eakemi@autometal.com.br,Autometal S.A.,Diadema /SP,autometal-com-br.mail.protection.outlook.com.,Microsoft 365
Max Musqueira,mmusqueira@avaya.com,Avaya Brasil Ltda.,Barueri /SP,mxa-00186901.gslb.pphosted.com.,Corporativo Protegido
Pedro,comercial@avkbr.com.br,AVK - Válvulas do Brasil Ltda.,Indaiatuba /SP,dk.mx1.mailanyone.net.,Outro
Karin Almeida,karin.almeida@lemitar.com.br,Aços Caporal Ind. e Com. Ltda.,São Paulo /SP,plcorp.in.tmes.trendmicro.com.,Corporativo Protegido
Vasco,acosvic@acosvic.com.br,Aços Vic Ltda.,São Paulo /SP,acosvic-com-br.mail.protection.outlook.com.,Microsoft 365
Henrique Zillo,biorigin@zilloren.com.br,Açucareira Quata S.A. - Biorigin,Quatá /SP,zilloren-com-br.mail.protection.outlook.com.,Microsoft 365
Sérgio Laurean,bbcind@bbcind.com.br,B B C Ind. e Com. Ltda.,Itupeva /SP,bbcind-com-br.mail.protection.outlook.com.,Microsoft 365
Sandra Felix,sandra.felix@balluff.com.br,Balluff Controles Elétricos Ltda.,Vinhedo /SP,balluff-com-br.mail.protection.outlook.com.,Microsoft 365
José Roberto Ramalho de Almeida,jroberto@basequimica.com.br,Basequimica Produtos Químicos Ltda.,Águas Frias /SP,basequimica-com-br.mail.protection.outlook.com.,Microsoft 365
Edson Aprígio Lopes de Mattos,baumer@baumer.com.br,Baumer S.A.,Mogi-Mirim /SP,baumer-com-br.mail.protection.outlook.com.,Microsoft 365
Érika Priscila,erikapriscila@belenus.com.br,Belenus do Brasil Ltda.,Vinhedo /SP,mx.mailcorp.com.br.,Outro
Hélio José da Silva,belmetal.sp@belmetal.com.br,Belmetal Ind. e Com. Ltda.,São Paulo /SP,alt2.aspmx.l.google.com.,Google Workspace
Robervagner Salgado,info@belverbrasil.com.br,Belver Instrumentos Eletrônicos Ltda.,Campinas /SP,mx.core.locaweb.com.br.,Locaweb
Andréia Sena,andreia.sena@bericap.com,Bericap do Brasil Ltda.,Sorocaba /SP,bericap-com.mail.protection.outlook.com.,Microsoft 365
Vashi Montovani,monark@monark.com.br,Bicicletas Monark S.A.,São Paulo /SP,mx01.picture.com.br.,Outro
Marcos,marcos@biocontrole.com.br,Bio Controle Métodos de Controle de Pragas Ltda.,São Paulo /SP,biocontrole-com-br.mail.protection.outlook.com.,Microsoft 365
Patricia,patricia_marketing@grandcru.com.br,Bioassist Comercial Ltda.,São Paulo /SP,alt1.aspmx.l.google.com.,Google Workspace
Dr. Rudi Konrad,rkonrad@uniaoquimica.com.br,Biolab Sanus Farmacêutica Ltda.,São Paulo /SP,uniaoquimica-com-br.mail.protection.outlook.com.,Microsoft 365
Roberto,bioline@bioline.com.br,Bioline Comercial Ltda.,São Paulo /SP,alt2.aspmx.l.google.com.,Google Workspace
Adriana Affonso,compras@biomedical.ind.br,Biomedical Equip. e Produtos Médico-Cirúrgicos Ltda.,São Paulo /SP,biomedical-ind-br.mail.protection.outlook.com.,Microsoft 365
Mariana Moreira / Valter Lopes,mariana.moreira@biomin.net,Biomin do Brasil Nutrição Animal Ltda.,Piracicaba /SP,biomin-net.mail.protection.outlook.com.,Microsoft 365
Mauro G. Gomes,bitzer@bitzer.com.br,Bitzer Compressores Ltda.,São Paulo /SP,bitzer-com-br.mail.protection.outlook.com.,Microsoft 365
Rosemeire Andrade,info@blackbox.com.br,Black Box do Brasil Ind. Com. Ltda.,São Paulo /SP,mx.jk.locaweb.com.br.,Locaweb
Paulo Cezar Rezende,blanver@blanver.com.br,Blanver Farmoquímica Ltda.,Cotia /SP,blanver-com-br.mail.protection.outlook.com.,Microsoft 365
Paulo Casar de Lima,pclima@schincariol.com.br,Blum Albras Ind. e Com. de Ferragens Ltda.,Itanhaém /SP,schincariol-com-br.mail.protection.outlook.com.,Microsoft 365
Paulo Strube,messtek@bohnen.com.br,Bohnen Messtek - Importação e Comércio de Equipamentos Ltda.,São Paulo /SP,bohnen-com-br.mail.protection.outlook.com.,Microsoft 365
Herze Dulaurans,herze@bonduelle.com.br,Bonduelle do Brasil Produtos Alimentícios Ltda.,São Paulo /SP,bonduelle.com.br.,Outro
Manuel Marques Mendes,comercial@branyl.com.br,Branyl Com. e Ind. Têxtil Ltda.,São Paulo /SP,fallbackmx.spamexperts.eu.,Outro
Debora,debora@brasflower.com.br,Brasflower Imp. e Exp. de Flores e Frutas Ltda.,São Paulo /SP,mx.jk.locaweb.com.br.,Locaweb
Cida,compras@brasforma.com.br,Brasforma Ind. e Com. Ltda.,São Paulo /SP,brasforma-com-br.mail.protection.outlook.com.,Microsoft 365
Raimundo Silveira,brasilbor@brasilbor.com.br,Brasilbor Comércio e Representações Ltda.,São Paulo /SP,mx.core.locaweb.com.br.,Locaweb
Thiago,comex@fromm.com.br,Brasilpack Sistemas de Embalagens Ltda.,Jundiaí /SP,fromm-com-br.mail.protection.outlook.com.,Microsoft 365
Caio Salem,brasinoxaco@uol.com.br,Brasinox Aço Inoxidavel Ltda.,São Paulo /SP,mx.uol.com.br.,UOL/Terra
Othon Grangeia,othon@colormix.com.br,Brasmix Comercio e Importação Ltda,São Paulo /SP,mx.colormix.com.br.,Outro
Takefumi Wai,brastrela@brastrela.com.br,Brastrela Importação e Exportação Ltda,Sao Paulo /SP,mx.core.locaweb.com.br.,Locaweb
Valdir,compras@pateko.com.br,Brevini Latino Americana Ind. e Com. Ltda.,Santa Cruz do Rio Pardo /SP,pateko-com-br-01.unodata.com.br.,Outro
Pedro Henrique A. Pucci,bband@brinquedosbandeirante.com.br,Brinquedos Bandeirante S.A.,São Paulo /SP,mx-vip-02.kinghost.net.,KingHost
Eduardo Antonio de Souza,brudden@brudden.com.br,Brudden Equipamentos Ltda.,Pompéia /SP,mx.gatefy.com.,Outro
Carolina Pereira Lima Gropp,recepcao@casimp.com.br,C.A.S. Importação e Exportação Ltda,São Paulo /SP,casimp-com-br.mail.protection.outlook.com.,Microsoft 365
Marcio Possi,cadium@cadium.com.br,Cadium Comércio Importação e Exportação Ltda,Diadema /SP,aspmx2.googlemail.com.,Google Workspace
Gisela Cazarini,gisela@cainco.com.br,Cainco Equipamentos para Panificação Ltda.,Bauru /SP,cainco-com-br.mail.protection.outlook.com.,Microsoft 365
Vilma,vilma@caldex.com.br,Caldex Conexões e Equipamentos Ltda.,Diadema /SP,mx.mailcorp.com.br.,Outro
Ana Claudia Figueiredo,exportacao@ferracini.com.br,Calçados Ferracini Ltda.,Franca /SP,mail.ferracini.com.br.,Outro
João Dalmina,pampili@pampili.com.br,Calçados Kolli's Ind. e Com. Ltda.,Birigüi /SP,antispam.pensomail.com.br.,Outro
Renata Fioravante,renata.fioravante@campari.com,Campari Brasil Ltda.,Barueri /SP,mxb-005c5d01.gslb.pphosted.com.,Corporativo Protegido
Rebeca,rebeca@canopusquimica.com.br,Canopus Ind. e Com. de Produtos Químicos Ltda.,Diadema /SP,mx-ha.emailemnuvem.com.br.,Outro
Wernes Babbe,canpac@canpac.com.br,Canpac Comércio e Representações Ltda.,São Paulo /SP,canpac-com-br.mail.protection.outlook.com.,Microsoft 365
Roberto,capricornio@capricornio.com.br,Capricórnio S.A.,São Paulo /SP,capricornio-com-br.mail.protection.outlook.com.,Microsoft 365
Dany,dany@rojemac.com.br,Carbinox Ind. e Com. Ltda.,São Paulo /SP,rojemac-com-br.mail.protection.outlook.com.,Microsoft 365
Rogério,logistica@uniparcarbocloro.com.br,Carbocloro S.A. Indústrias Químicas,São Paulo /SP,uniparcarbocloro-com-br.mail.protection.outlook.com.,Microsoft 365
Persio,comex@carci.com.br,Carci Ind. Com. Aparelhos Cirúrgicos e Ortopédicos Ltda.,São Paulo /SP,aspmx2.googlemail.com.,Google Workspace
Aline Ando de Lima,carino@carino.com.br,Carino Ingredientes Ltda.,Marília /SP,carino-com-br.mail.protection.outlook.com.,Microsoft 365
Mario Coradi,flavio.siqueira@contini.com.br,Casa Di Conti Ltda.,Cândido Mota /SP,mx.gatefy.com.,Outro
Gérson Domingos Zílio,export@casp.com.br,Casp S.A. Ind. e Com.,Amparo /SP,casp-com-br.mail.protection.outlook.com.,Microsoft 365
Valdir,contabilidade@catalisebrasil.com,Catalise Ind. e Com. de Metais Ltda.,Piracicaba /SP,mx.a.locaweb.com.br.,Locaweb
Daniele Goncalves,importacao@cavemac.com.br,Cavemac Indl e Coml de Maqs Imp e Exp Ltda,Sao Paulo /SP,cavemac-com-br.mail.protection.outlook.com.,Microsoft 365
Marcelo,centerval@centerval.com.br,Centerval Indl. Ltda.,Piracicaba /SP,mx-ha.skymail.net.br.,Outro
Zago,datiquim@datiquim.com.br,Centro Sul Repres. Com. Imp. Exp.Ltda.,Guarulhos /SP,alt1.aspmx.l.google.com.,Google Workspace
Bruno,oxiquimica@oxiquimica.com.br,Cerealista Rosalito Ltda.,Jaboticabal /SP,oxiquimica-com-br.mail.protection.outlook.com.,Microsoft 365
Jefferson,jefferson@cerviflan.com.br,Cerviflan Indl. e Coml. Ltda.,Guarulhos /SP,cerviflan-com-br.mail.protection.outlook.com.,Microsoft 365
João B. Martins,cestari@cestari.com.br,Cestari Industrial e Comercial S.A.,Monte Alto /SP,cestari-com-br.mail.protection.outlook.com.,Microsoft 365
Mauro Cavalcante,eduardo.breda@ipaper.com,Champion Papel Celulose Ltda.,São Paulo /SP,ipaper-com.mail.protection.outlook.com.,Microsoft 365
Lais dos Santos,financeiro@chiaperini.com.br,Chiaperini Indl. Ltda.,Santa Rosa de Viterbo /SP,mail.chiaperini.com.br.,Outro
Cristina Chao,crischao@cikaeletronica.com,Cika Eletrônica do Brasil Ltda.,São Paulo /SP,mx.cikaeletronica.com.,Outro
William Nicolau,corporativo.comercial@cipatex.com.br,Cipatex - Sintéticos Vinílicos Ltda.,Cerquilho /SP,cipatex-com-br.mail.protection.outlook.com.,Microsoft 365
José Waldir Beneti,corporativo.comercial@cipatex.com.br,Cipatex Impregnadora de Papéis e Tecidos Ltda.,Cerquilho /SP,cipatex-com-br.mail.protection.outlook.com.,Microsoft 365
André Carreira,alcandre@citroplast.com.br,Citroplast Ind.e Comércio de Papéis e Plásticos Ltda.,Andradina /SP,lastmx.spamexperts.net.,Outro
Camila,camilam@cobrametais.com.br,Cobra Metais Decorativos Ltda.,Itu /SP,cobrametais-com-br.mail.protection.outlook.com.,Microsoft 365
Paula F. Finotti,paula@codap.com.br,Codap Brasil Ltda.,Sorocaba /SP,mxb-00192701.gslb.pphosted.com.,Corporativo Protegido
Jorge,importacao@othil.com.br,Cofix - Importação e Exportação de Frutas Ltda.,São Paulo /SP,mx.jk.locaweb.com.br.,Locaweb
Leonardo,leonardo.prosperi@dsm.com,Colombo Industria e Comercio Ltda,Sao Paulo /SP,mxa-002cd202.gslb.pphosted.com.,Corporativo Protegido
Fabiano Da Silva,acampos@colorcon.com,Colorcon do Brasil Ltda.,Cotia /SP,mx1.colorcon.c3s2.iphmx.com.,Outro
Carlos,nortesul@nortesul.net,Com. de Equipamentos Norte Sul Ltda.,São Paulo /SP,aspmx3.googlemail.com.,Google Workspace
Vanderlei Luiz Melchiori,comalarroz@comal.com.br,Comal-Arroz Ltda.,Mogi Das Cruzes /SP,mx-vip-01.uni5.net.,Outro
Adriano Quadros,alholouro@uol.com.br,Comercial e Importadora Louro Ltda.,São Paulo /SP,mx.uol.com.br.,UOL/Terra
José Forte,cf@comercialforte.com.br,Comercial Forte Ltda.,São Paulo /SP,mx.a.locaweb.com.br.,Locaweb
Reinaldo,vendas@comercialinterlink.com,Comercial Inter-Link Ltda.,Jandira /SP,aspmx5.googlemail.com.,Google Workspace
Walter,expo@jahu.com.br,Comercial Jahu Borrachas e Autopeças Ltda.,São Paulo /SP,jahu-com-br.mail.protection.outlook.com.,Microsoft 365
Augusto,augusto@comilcoversand.com.br,Comil Cover Sand Ind. e Com. Ltda.,Itaquaquecetuba /SP,mx.gatefy.com.,Outro
Veridiana Estevo,vendas@ficael.com.br,Coml. Ficael Ltda.,São Paulo /SP,mx.core.locaweb.com.br.,Locaweb
Bárbara,barbara@lanmax.com.br,Coml. Starte Ltda.,São Paulo /SP,lanmax-com-br.mail.protection.outlook.com.,Microsoft 365
Gisela Spinelli Vaz Lobo,comex@guaratingueta.com.br,Companhia Fiação e Tecidos Guaratinguetá,São Paulo /SP,mx.guaratingueta.com.br.,Outro
Daniela,daniela@compextec.com.br,Compex Tecnologia Ltda.,São Paulo /SP,compextec-com-br.mail.protection.outlook.com.,Microsoft 365
Roberto Cury,bordadoscury@terra.com.br,Comércio de Bordados Rendas e Tecidos Cury Ltda.,Piracicaba /SP,mx.terra.com.br.,UOL/Terra
Cristiano Machado,prosintese@prosintese.com.br,Comércio e Imp. de Prod. Médicos Hospit. Prosintese Ltda.,São Paulo /SP,mx.claramail.com.br.,Outro
Valeria,valeria@condutti.com.br,Condutti Ind. e Com. de Condutores Elétricos Ltda.,São Paulo /SP,mail.condutti.com.br.,Outro
Fátima,vendas@conexel.com.br,Conexel Conexões Elétricas Ltda.,São Bernardo do Campo /SP,conexel-com-br.mail.protection.outlook.com.,Microsoft 365
Fernanda Bagnara,fbagnara@kacyumara.com.br,Confecções Kacyumara Ltda.,Americana /SP,alt1.aspmx.l.google.com.,Google Workspace
Flavia,consistec@consistec.com.br,Consistec Controles e Sistemas de Automação Ltda.,São Paulo /SP,consistec-com-br.mail.protection.outlook.com.,Microsoft 365
Nilton,marketing@converplast.com.br,Converplast Embalagens Ltda.,Guarulhos /SP,mx.claramail.com.br.,Outro
Estella Pavlakis,contato@argosy.com.br,Copo-Fehrer Ind. de Poliuretano do Brasil Ltda.,São Paulo /SP,argosy-com-br.mail.protection.outlook.com.,Microsoft 365
Luis Carlos Perez,mercom@correiasmercurio.com.br,Correias Mercúrio S.A. Ind. e Com.,Jundiaí /SP,correiasmercurio-com-br.mail.protection.outlook.com.,Microsoft 365
Rejane Santos,rejne.santos@cpicfiber.com,Cpic Brasil Fibras de Vidro Ltda.,Capivari /SP,webmail.cpicfiber.com.,Outro
Alexandre Salomão Cohen,alexandre@cralplast.com.br,Cral Artigos para Laboratório Ltda.,Cotia /SP,cralplast-com-br.mail.protection.outlook.com.,Microsoft 365
Rosa,rosa@cromatek.com.br,Cromax Eletrônica Ltda.,Guarulhos /SP,mx.emailsecurityonline.com.br.,Outro
Ronald Kann,irmamendes@uol.com.br,Cronimet Brasil Ltda.,São Paulo /SP,mx.uol.com.br.,UOL/Terra
Reginaldo,reginaldo.baroni@br.endress.com,Cross Link Consultoria e Com. Ltda.,São Paulo /SP,br-endress-com.mail.protection.outlook.com.,Microsoft 365
Antonio Silvio Hugo,crown@crown.com.br,Crown Roll Leaf do Brasil Ltda,Guarulhos /SP,mx1.iphotel.com.br.,Outro
Fernando Rodrigues Carballal,ctouro@curtumetouro.com.br,Curtume Touro Ltda.,Presidente Prudente /SP,mx.a.locaweb.com.br.,Locaweb
Nilton Tumonis,vendas@cyklop.com.br,Cyklop do Brasil Embalagens S.A.,Diadema /SP,mx.mailcorp.com.br.,Outro
Solange / Jaqueline,solange@dabasons.com.br,Dabasons Imp. Exp. e Com. Ltda.,São Paulo /SP,dabasons-com-br.mail.protection.outlook.com.,Microsoft 365
Dorival Ferrari,dacarto@dacarto.com.br,Dacarto S.A. Ind. de Plásticos,Osasco /SP,dacarto-com-br.mail.protection.outlook.com.,Microsoft 365
Jose Alves Ferreira,Jose.AlvesFerreira@damovo.com,Damovo do Brasil S.A.,São Paulo /SP,damovo-com.mail.protection.outlook.com.,Microsoft 365
Andre,cerantola@frisokar.com.br,Daten Tecnologia Ltda.,Bariri /SP,lastmx.spamexperts.net.,Outro
Carlos Alberto Grandeza,cgrandeza@datiquim.com.br,Datiquim Produtos Químicos Ltda,Sao Paulo /SP,alt1.aspmx.l.google.com.,Google Workspace
Eliana,eliana@dayhome.com.br,Dayhome Coml. Ltda.,São Paulo /SP,smtp.google.com.,Google Workspace
Perácio Cardoso,dcirighetto@uol.com.br,Dci Dinamic Cassette International do Brasil Com. Ltda.,Santana de Parnaíba /SP,mx.uol.com.br.,UOL/Terra
Rogério de Marchi,rogerio@demarchi.com.br,De Marchi Ind. e Com. de Frutas Ltda.,Jundiaí /SP,demarchi-com-br.mail.protection.outlook.com.,Microsoft 365
Valdir Siedschlag,decar@decar.com.br,Decar Autopeças Ltda.,São Paulo /SP,mail.decar.com.br.,Outro
Marly Inson,deg@deg.com.br,Deg Importação de Produtos Químicos Ltda.,São Paulo /SP,.,Outro
Alexandre Kumai,alexandre.kumai@delga.com.br,Delga Ind. e Com. Ltda.,Diadema /SP,delga-com-br.mail.protection.outlook.com.,Microsoft 365
Henrique,henrique.contabil@ymail.com,Dellafrutta Comércio Atacadista de Frutas Ltda.,São Paulo /SP,mta5.am0.yahoodns.net.,Outro
Mariza C. Souza,mariza@delquimica.com.br,DelQuímica Comercial Ltda.,Guarulhos /SP,delquimica-com-br.mail.protection.outlook.com.,Microsoft 365
Marcelo Paludetto,democrata@democrata.com.br,Democrata Calçados e Artefatos de Couro Ltda.,Franca /SP,smtp.google.com.,Google Workspace
Maria Celia Carneiro,exportacao@morelli.com.br,Dental Morelli Ltda.,Sorocaba /SP,cloud15.spamtitan.com.,Outro
Roberto Franco,roberto.franco@denverimper.com.br,Denver Impermeabilizantes Ind. e Com. Ltda.,Suzano /SP,mx2.hc611-40.c3s2.iphmx.com.,Outro
Erico Credidio Turco,desfar@terra.com.br,Des-Far Laboratórios Ltda.,São Paulo /SP,mx.terra.com.br.,UOL/Terra
Raquel Karpfenstein,raquel@descarpack.com.br,Descarpack Descartáveis do Brasil Ltda.,São Paulo /SP,descarpack-com-br.mail.protection.outlook.com.,Microsoft 365
Otavio A. Gonçalves,otavio@devir.com.br,Devir Livraria Ltda.,São Paulo /SP,mx-vip-02.kinghost.net.,KingHost
Glaudio,dimartino@dimartino.com.br,Di Martino Indústrias Metalúrgicas Ltda.,São Paulo /SP,mx.claramail.com.br.,Outro
Andrea Guerreiro,andrea.cristina.guerreiro@carrefour.com,Dia Brasil Sociedade Ltda.,São Paulo /SP,de-smtp-inbound-2.mimecast.com.,Corporativo Protegido
André Luís Guarniere,vendas@diadur.com.br,Diadur Ind. e Com. Ltda.,São Paulo /SP,mx03.jhcn.net.,Outro
Laura Dobelli,laura@dianapaolucci.com.br,Diana Paolucci S.A. Ind. e Com.,São Paulo /SP,mail.protonmail.ch.,Outro
Flavia Barbalho,flavia.barbalho@diasorin.com.br,Diasorin Ltda.,São Paulo /SP,diasorin-com-br.mail.protection.outlook.com.,Microsoft 365
Claudio Macedo,claudio.macedo@dimep.com.br,Dimas de Melo Pimenta S.A. Ind. de Relógios,São Paulo /SP,dimep-com-br.mail.protection.outlook.com.,Microsoft 365
Cássio Omura,cnc@dimensional.com.br,Dimensional Equipamentos Elétricos Ltda.,Limeira /SP,de-smtp-inbound-1.mimecast.com.,Corporativo Protegido
Fabio Santos,fabio.santos@wheatonbrasil.com.br,Dinaco Importação Com. S/A,São Bernardo do Campo /SP,wheatonbrasil-com-br.mail.protection.outlook.com.,Microsoft 365
Luiz Eugenio Pedro De Freitas,dinagro@dinagro.com.br,Dinagro Agro Pecuaria Ltda.,Ribeirão Preto /SP,dinagro-com-br.mail.protection.outlook.com.,Microsoft 365
Marcelo Molterer,info@dinatecnica.com.br,Dinatécnica Ind. e Com. Ltda.,Embu /SP,mx.a.locaweb.com.br.,Locaweb
Fernando Garcia,dispafilm@dispafilm.com.br,Dispafilm do Brasil Ltda.,Guarulhos /SP,antispam02.emailprotegido.com.,Outro
Marco A P Saba,reliance.comercial@terra.com.br,Distribuidora de Frutas Céu Azul Ltda.,São Paulo /SP,mx.terra.com.br.,UOL/Terra
Mayara Santos,mayara.santos@sealedair.com,Diversey Brasil Industria Química Ltda.,São Paulo /SP,sealedair-com.mail.protection.outlook.com.,Microsoft 365
Daniela Salfatis,dni@dni.com.br,DNI Dani Condutores Elétricos Ltda.,São Paulo /SP,mx.b.locaweb.com.br.,Locaweb
Paulo Henrique Corradi Mazzer,paulo@doptex.com.br,Doptex Ind. e Com. Têxtil Ltda.,Cerquilho /SP,antispam.pensomail.com.br.,Outro
Carlos Assis,assis@dori.com.br,Dori Alimentos S/A,Marília /SP,mxb-00929801.gslb.pphosted.com.,Corporativo Protegido
José Carlos Viana,correio@dormer.com.br,Dormer Tools S.A.,São Paulo /SP,.,Outro
Silvana Santana,silvana@doutex.com.br,Dou Tex S.A. Ind. Têxtil,São Paulo /SP,doutex-com-br.mail.protection.outlook.com.,Microsoft 365
Sonia M. B. Monici,sonia.monici@dovac.com.br,Dovac Indústria e Comércio Ltda.,São Bernardo Do Campo /SP,antispam03.pensomail.com.br.,Outro
Cláudio José,engeturb@aleph.com.br,Dresser-Rand do Brasil Ltda.,Campinas /SP,ASPMX.L.GOOGLE.COM.,Google Workspace
Yuri Sahuy,comex@drycolor.com,Dry Color Especialidades Químicas Ltda.,Cosmópolis /SP,mail.drycolor.com.,Outro
Viviane Santareli,dubuit@uol.com.br,Dubuit do Brasil Serigrafia Ind. e Com. Ltda.,Guarulhos /SP,mx.uol.com.br.,UOL/Terra
Cristiane Espin,cespin@ducoco.com.br,Ducôco Produtos Alimentícios S.A,São Paulo /SP,ducoco-com-br.mail.protection.outlook.com.,Microsoft 365
Nilse Simoes,importacao@dupiza.com.br,Dupiza Comércio Importação Exp. e Distribuição Ltda.,São Paulo /SP,alt1.aspmx.l.google.com.,Google Workspace
Victor Adami,duci@duci.com.br,Dupont Cipatex S.A..,Cerquilho /SP,.,Outro
Antonio Augusto,durazzo@uol.com.br,Durazzo & Cia Ltda.,São Paulo /SP,mx.uol.com.br.,UOL/Terra
Mauricio,mauricio@durferrit.com.br,Durferrit do Brasil Química Ltda.,Diadema /SP,mx1.hostinger.com.,Outro
Carmen Cavalieri,carmen.cavalieri@duringdobrasil.com.br,During do Brasil Ltda.,Itatiba /SP,duringdobrasil-com-br.mail.protection.outlook.com.,Microsoft 365
Mauricio Freitas,mapf@durex.com.br,Durox Produtos Químicos Ltda.,Rio Claro /SP,mx.terraempresas.com.br.,UOL/Terra
Juliano Versoni,compras@dynamicair.com.br,Dynamic Air Ltda.,Nazaré Paulista /SP,dynamicair-com-br.mail.protection.outlook.com.,Microsoft 365
Ficher,dina@dina.com.br,Dynar Automatização Industrial Ltda,Sao Paulo /SP,mx.a.locaweb.com.br.,Locaweb
Ronaldo Akira Nishikawa,inteldept@ebara.com.br,Ebara Indústrias Mecânicas e Com. Ltda.,São Paulo /SP,aspmx.l.google.com.,Google Workspace
Alessandra Bigatto,alessandra@ebco.com.br,Ebco Systems Ltda.,Sao Paulo /SP,ebco-com-br.mail.protection.outlook.com.,Microsoft 365
Gabriella M. Zezze,adriana@ebf.com.br,Ebf Vaz Ind. e Com. Ltda.,Jundiaí /SP,cloud8.spamtitan.com.,Outro
Celise Biasoli,celise.biasoli@br.ebmpapst.com,Ebm-Papst Motores Ventiladores Ltda.,Cotia /SP,br-ebmpapst-com.mail.protection.outlook.com.,Microsoft 365
Claudio Zoega,claudio@ecil.com.br,Ecil Met Tec Ltda.,Piedade /SP,ecil-com-br.mail.protection.outlook.com.,Microsoft 365
Cláudio Zoega,zelha@ecil.com.br,Ecil Produtos e Sistemas de Medição e Controle Ltda.,Piedade /SP,ecil-com-br.mail.protection.outlook.com.,Microsoft 365
Sandra Porta,ecofabril@ecofabril.com.br,Ecofabril Ind. e Com. S.A.,Jundiaí /SP,ecofabril-com-br.mail.protection.outlook.com.,Microsoft 365
Cristina,edalbras_import@edalbras.com.br,Edalbras Ind. e Com. Ltda.,Guarulhos /SP,mx.terraempresas.com.br.,UOL/Terra
Rina,carol.rina@caras.com.br,Editora Caras S.A.,São Paulo /SP,caras-com-br.mail.eo.outlook.com.,Microsoft 365
Norma,compras@editoradcl.com.br,Editora DCL - Difusão Cultural do Livro Ltda.,São Paulo /SP,mx-ha.skymail.net.br.,Outro
Rinaldo Silva,rinaldo.silva@ftd.com.br,Editora FTD S.A.,Guarulhos /SP,ftd-com-br.mail.protection.outlook.com.,Microsoft 365
Reinaldo Matos,rsmatos@melhoramentos.com.br,Editora Melhoramentos Ltda.,São Paulo /SP,melhoramentos-com-br.mail.protection.outlook.com.,Microsoft 365
Vagner Brito,vagner.brito@edra.com.br,Edra Saneamento Básico Ind. e Com.Ltda.,Ipeúna /SP,mail.edra.com.br.,Outro
Everaldo Frason,continental@continentalparafusos.com.br,Egsa Equipamentos Para Gás do Brasil Ltda.,Diadema /SP,mx01.picture.com.br.,Outro
Tatiana Gelardo,volk@volkdobrasil.com.br,Elantas Isolantes Elétricos do Brasil Ltda.,São Paulo /SP,mx1.hc6164-24.iphmx.com.,Outro
Wellington Costa,wellington.costa@eletrisol.com.br,Eletrisol Ind. e Com. Ltda.,Jundiaí /SP,alt4.aspmx.l.google.com.,Google Workspace
Antônio Celso Liberal,comercial@dyna.com.br,Eletromecânica Dyna S.A.,Guarulhos /SP,dyna-com-br.mail.protection.outlook.com.,Microsoft 365
Jaime Splettstoser Júnior,luizcarlos@elfusa.com.br,Elfusa Geral de Eletrofusão Ltda.,São Paulo /SP,grupocurimbaba.in.tmes.trendmicro.com.,Corporativo Protegido
Roberto Ceder,cuisine@elgin.com.br,Elgin Cuisine,São Paulo /SP,elgin-com-br.mail.protection.outlook.com.,Microsoft 365
Estela Perez,estela@elubel.com.br,Elubel Indústria e Comércio Ltda.,Cotia /SP,elubel-com-br.mail.protection.outlook.com.,Microsoft 365
Felipe  Viana,vianna_felipe@emc.com,Emc Computer Systems Brasil Ltda.,São Paulo /SP,mxa-00154901.gslb.pphosted.com.,Corporativo Protegido
Sanda Yamashiro,compras@buw.com.br,Emcomex Empresa de Comércio Exterior Ltda.,São Paulo /SP,buw.com.br.,Outro
Cicero Soares,cicero.soares@emersonenergy.com,Emerson Sistemas de Energia Ltda.,São Paulo /SP,.,Outro
Antonio Carlos Gonçalves,emicol@emicol.com.br,Emicol Eletro Eletrônica S.A.,Itu /SP,emicol-com-br.mail.protection.outlook.com.,Microsoft 365
Sarita Ortiz,saritaortiz@empax.com.br,Empax Embalagens Ltda.,São Paulo /SP,.,Outro
Humberto Ustoliar,ecil@ecil-trading.com.br,Empreendimento Comercial Industrial Ecil Ltda.,São Paulo /SP,mx.b.locaweb.com.br.,Locaweb
Claudia,claudia@bateriascral.com.br,Endress Hauser Controle e Automação Ltda.,Bauru /SP,mx.bateriascral.com.br.,Outro
Wagner,wagner.imtex@energyarc.com.br,Energyarc Industrial Ltda.,São Paulo /SP,mia1-load.bredamhost.com.br.,Outro
Ani,import@engefood.com.br,Engefood Equipamentos Engenharia e Representações Ltda,Sao Caetano do Sul /SP,engefood-com-br.mail.protection.outlook.com.,Microsoft 365
Ivo Saldanha,comercial@engepack.com.br,Engepack Embalagens São Paulo Ltda.,São Paulo /SP,engepack-com-br.mail.protection.outlook.com.,Microsoft 365
Vanessa,vanessa@engereus.com.br,Engereus do Brasil Engenharia e Ind. Eletro Eletronica Ltda,Caieiras /SP,mx30.idc19.com.br.,Outro
Diogo Passos,diogo@epice.com.br,Epice Importação Comércio e Representacões Ltda.,São Paulo /SP,aspmx3.googlemail.com.,Google Workspace
Teresa Matsumura,tereza@harman.com.br,Equigas Equipamentos de Gases Ltda.,São Paulo /SP,mx.jk.locaweb.com.br.,Locaweb
Marisa,compras@emeb.com.br,Equipamentos Emeb do Brasil Ltda.,Itu /SP,mx.b.locaweb.com.br.,Locaweb
Marcos,marcos@rinnai.com.br,Equipamentos NGK Rinnai Ltda.,Moji das Cruzes /SP,rinnai-com-br.mail.protection.outlook.com.,Microsoft 365
Fernanda Stefani,fernanda.stefani@telcon.com.br,Equipar - Com. de Equip. Laboratoriais e Hospitalares Ltda.,Sorocaba /SP,mail.telcon.com.br.,Outro
Haribert Frustockl,ekipesca@supernet.com.br,Equipesca - Equipamentos para Pesca Ltda.,Campinas /SP,mx.claramail.com.br.,Outro
José Teiji Suzuki,ergomat@ergomat.com.br,Ergomat Ind. e Com. Ltda.,São Paulo /SP,mx3.zoho.com.,Outro
Roberto,roberto@eros.com.br,Eros Alto Falantes Ltda,Presidente Prudente /SP,mx-ha.skymail.net.br.,Outro
Karin Brigitte Guth,export@erwinguth.com.br,Erwin Guth Ltda.,São Paulo /SP,erwinguth-com-br.mail.protection.outlook.com.,Microsoft 365
Isabel Robles,espabra@espabra.com.br,Espabra Generos Alimentícios Ltda.,Osasco /SP,intranet2.espabra.com.br.,Outro
Juan Carlos Moscovich,juan@etilux.com.br,Etilux Ind. e Com. Ltda.,São Paulo /SP,etilux-com-br.mail.protection.outlook.com.,Microsoft 365
Neli Miranda,euchner@euchner.com.br,Euchner Comércio de Componentes Eletrônicos Ltda.,São Paulo /SP,mail.euchner.com.br.,Outro
Ricardo Chammas,eurocabos@eurocabos.com.br,Eurocabos Materiais Elétricos Ltda.,Diadema /SP,eurocabos-com-br.mail.protection.outlook.com.,Microsoft 365
Marcos Pereira dos Santos,marcos@euroquadros.com.br,Euroquadros Ind. Imp. e Exp. Ltda.,Roseira /SP,euroquadros-com-br.mail.protection.outlook.com.,Microsoft 365
Cristiane,eurtoex@eurotex.com.br,Eurotex Com. e Imp. Ltda.,São Bernardo do Campo /SP,mx1.hostinger.com.,Outro
Luciana Sabino Rodrigues,comex@esab.com.br,Eutectic do Brasil Ltda.,São Paulo /SP,esab-com-br.mail.protection.outlook.com.,Microsoft 365
Christiane Satty Katsumata,export@evergreen.com.br,Ever Green Ind. e Com. Ltda.,São Bernardo do Campo /SP,evergreen-com-br-01.unodata.com.br.,Outro
Rogério,compras@evolutionluz.com.br,Evolution Com. Imp. e Exp. Ltda.,Taboão da Serra /SP,mx.claramail.com.br.,Outro
M. Carmen Kazniakowski,carmen.kazniakowski@flsmidth.com.br,F. L. Smidth Ltda.,São Paulo /SP,flsmidth-com-br.mail.protection.outlook.com.,Microsoft 365
Debora Gonçalves,leonardo.gouveia@effem.com,F. M. B. Inc. e Cia.,Barueri /SP,effem-com.mail.protection.outlook.com.,Microsoft 365
José Antonio Garcia Segovia,export@fabrima.com.br,Fabrima Máquinas Automáticas Ltda.,Guarulhos /SP,fabrima-com-br.mail.protection.outlook.com.,Microsoft 365
Valdemir Gomes Siqueira,valdemir.gomes@fademac.com.br,Fademac S.A.,São Paulo /SP,mx.jk.locaweb.com.br.,Locaweb
Maicon Isidoro,maicon.isidoro@fanucamerica.com,Fanuc South America Equipamentos de Automação e Serviços Ltda.,São Paulo /SP,fanucamerica-com.mail.protection.outlook.com.,Microsoft 365
Paulo,paulo@fobrasa.com.br,Farnell-Newark Inone Dist. de Componentes Eletrônicos,São Paulo /SP,fobrasa-com-br.mail.protection.outlook.com.,Microsoft 365
Rude,rude@japanparts.com.br,Fast Lube Comércio de Lubrificantes Ltda.,São Paulo /SP,mx2.emailsrvr.com.,Outro
Shirley Fukiko Imai,fatec@ibm.net,Fatec S.A.,São Paulo /SP,.,Outro
Paula,brasil@favini.com,Favini do Brasil Importação e Venda de Papel Ltda.,São Paulo /SP,de-smtp-inbound-1.mimecast.com.,Corporativo Protegido
Armando Geraldo Bredariol,gbredariol@alpinatextil.net,Fiação Alpina Ltda.,Morungaba /SP,osorno.alpinatextil.net.,Outro
Milene Córdoba,m.cordoba@findernet.com,Finder Componentes Ltda.,São Caetano do Sul /SP,inzolia.findernet.com.,Outro
Rafael,finepack@finepack.com.br,Finepack Industria Tecnica de Embalagens Ltda,Itupeva /SP,finepack-com-br.mail.protection.outlook.com.,Microsoft 365
Daniel,daniel@fise.com.br,Fise-Fechoplast Industria de Sistemas para Esquadrias Ltda,São Paulo /SP,fise-com-br.mail.protection.outlook.com.,Microsoft 365
Cristiane Mesiano,cris.mesiano@flamex.com.br,Flamex Comércio Importação e Exportação Ltda.,São Caetano Do Sul /SP,mia1-load.revendammd.com.br.,Outro
Viviane Silva,importacao@flexform.com.br,Flexform Ind. Metalúrgica Ltda.,Guarulhos /SP,flexform-com-br.mail.protection.outlook.com.,Microsoft 365
Marcel Alves,marcel.alves@flir.com.br,Flir Systems Brasil Com. de Câmeras Infravermelhas Ltda.,Sorocaba /SP,mx2.hc6476-91.iphmx.com.,Outro
Jose Marcos Boni Costa,diretoria@marcoboni.com.br,Florence Industrial e Comercial Ltda.,Itapecerica Da Serra /SP,mx.claramail.com.br.,Outro
Gabriel Ribeiro,gabriel.ribeiro@flow-tek.com,Flow Tek Ind. e Com. de Válvulas Ltda.,Paulínia /SP,mx1.hc4096-12.iphmx.com.,Outro
Livia R Rocha,fluid@fluidbrasil.com.br,Fluid Brasil Sistemas e Tecnologia Ltda.,Jundiai /SP,mx2.seguromail.com.br.,Outro
Adriana Silva,adriana.silva@fluke.com,Fluke do Brasil Ltda.,São Paulo /SP,mxa-001d2f02.gslb.pphosted.com.,Corporativo Protegido
Cristian,amg.flumar@granel.com.br,Flumar Transportes de Químicos e Gases Ltda.,Santos /SP,granel-com-br.mail.protection.outlook.com.,Microsoft 365
Daniel Fernandes,compras@flutrol.com.br,Flutrol Comercio e Controle de Fluidos Ltda,São Paulo /SP,flutrol-com-br.mail.eo.outlook.com.,Microsoft 365
Renato Carneiro,flygt@flygt.com.br,Flygt do Brasil S.A.,São Paulo /SP,mx01.picture.com.br.,Outro
Juliana Arena,juliana.lobello@ivoclarvivadent.com.br,Fobrasa Com. e Ind. de Máquinas Ltda.,São Paulo /SP,mail.h-email.net.,Outro
Denis Rojas,foothills@foothills.com.br,Foothills Indústria e Comércio Ltda.,São Paulo /SP,foothills.com.br.,Outro
Marilia Bashiera,marilia.bashiera@forplasembalagens.com.br,For-Plas Indústria de Embalagens Ltda.,Araras /SP,mx2.emailarray.com.,Outro
Marcilene,marcilene@forbex.com,Forbex Brasil Ltda.,São Paulo /SP,mail.forbex.com.,Outro
Denis,forpal@forpal.com.br,Fornecedora de Papel Forpal S.A.,São Paulo /SP,mx-vip-02.uni5.net.,Outro
Eduardo Debiagi,info@fortitech.com.br,Fortitech South America Industrial e Comercial Ltda.,Campinas /SP,mx.emailsecurityonline.com.br.,Outro
Antônio,brasil@foss.dk,Foss do Brasil Instrumentos Analiticos e Soluções Dedicadas Ltda,São Paulo /SP,mx2.mailhop.org.,Outro
Sérgio,sbj@ts.com.br,Fratex Ind. e Com. Ltda.,São Paulo /SP,aspmx.l.google.com.,Google Workspace
André,administracao@frisokar.com.br,Frisokar Equipamentos Plásticos S.A.,Bariri /SP,lastmx.spamexperts.net.,Outro
Fernando Fontes,fernando_fontes@etilux.com.br,Fronius do Brasil Com. Ind. e Serviços Ltda.,São Paulo /SP,etilux-com-br.mail.protection.outlook.com.,Microsoft 365
Alexandre,hetros@hetrosfrutas.com.br,Frugal Importadora e Exportadora Ltda.,São Paulo /SP,mx.jk.locaweb.com.br.,Locaweb
Lucas,lucas@frutart.com.br,Frutart Comércio de Produtos Agrícolas Eireli,São Paulo /SP,mx.jk.locaweb.com.br.,Locaweb
Claudio De Benedictis,claudio@fruticolacacique.com.br,Frutícola Cacique Ltda.,São Paulo /SP,mx.b.locaweb.com.br.,Locaweb
Rosana Aparecida Benevenuto,fuchsbr@uol.com.br,Fuchs do Brasil S/A,Jandira /SP,mx.uol.com.br.,UOL/Terra
Lucia,fuji@fujibrasil.com.br,Fuji do Brasil Máquinas Inds. Ltda.,São Paulo /SP,fujibrasil-com-br.mail.protection.outlook.com.,Microsoft 365
Valdira,comercialvlc@uol.com.br,Full - Power Com. e Confecções Ltda.,São Paulo /SP,mx.uol.com.br.,UOL/Terra
Ariel Hamoui,ariel@fullfit.com.br,Full Fit Industria Importação e Comercio Ltda,Sao Paulo /SP,fullfit-com-br.mail.protection.outlook.com.,Microsoft 365
Ednelson,epristinta@epristinta.com.br,Fábrica de Artefatos de Latex Estrela - Epristinta Ltda.,São Roque /SP,ns1.ebsolucoes.com.br.,Outro
Jutta Hosman,wafios@sol.com.br,Fábrica de Máquinas Wdb Ltda.,São Paulo /SP,.,Outro
Adriana,fenixsp@yahoo.com.br,Fênix Comercio Importação e Exportação Ltda,Sao Paulo /SP,mta5.am0.yahoodns.net.,Outro
Cassia Regina Vanicola/Eduardo de Souza Moura,cvanicola@gdbr.com.br,G.D do Brasil Máquinas de Embalar Ltda.,São Paulo /SP,mail.gdbr.com.br.,Outro
Luis Gaj,grmusic@uol.com.br,G.R.Instrumentos Musicais Ltda.,São Paulo /SP,mx.uol.com.br.,UOL/Terra
Selma Faria Costa,scosta@gafor.com.br,Gafor Com. de Produtos Químicos e Papéis Ltda.,São Paulo /SP,gafor-com-br.mail.protection.outlook.com.,Microsoft 365
Suelen,suelen@gail.com.br,Gail Guarulhos Ind. e Com. Ltda.,Guarulhos /SP,gail-com-br.mail.protection.outlook.com.,Microsoft 365
Rosana Goncalves Mello Henrique,rosana@gascat.com.br,Gascat Ind. e Com. Ltda.,Indaiatuba /SP,gascat-com-br.mail.protection.outlook.com.,Microsoft 365
David Ribas,fernando_vicini@johnsonelectric.com,Gate do Brasil Ltda.,Guarulhos /SP,mxb-006b4e01.gslb.pphosted.com.,Corporativo Protegido
Eduardo R. Santos,eduardo.santos@ps.ge.com,Ge Hydro Inepar do Brasil S.A.,Campinas /SP,mxb-00176a02.gslb.pphosted.com.,Corporativo Protegido
Heloize,heloize@gefran.com.br,Gefran Brasil Eletroeletrônica Ltda.,São Paulo /SP,antispam.gefran.com.,Outro
Giuliano Bertella,info@genco.com.br,Genco Química Industrial Ltda.,São Paulo /SP,genco-com-br.mail.protection.outlook.com.,Microsoft 365
João Soares,joao.soares@gep.com.br,Gep Ind. e Com. Ltda.,São Paulo /SP,gep-com-br.mail.protection.outlook.com.,Microsoft 365
José Alfredo Brates,comex.gequimica@ig.com.br,Gequímica Produtos Química Ltda.,São Paulo /SP,mx-ha.skymail.net.br.,Outro
Alexsandra Arruda,a.arruda@gerresheimer.com,Gerresheimer Plásticos São Paulo Ltda.,Embu das Artes /SP,mxb-0093ec01.gslb.pphosted.com.,Corporativo Protegido
Sr. Brici,brici@endo-flex.com.br,Gfe do Brasil Ltda,Campinas /SP,mail.endo-flex.com.br.,Outro
Aldaiza Bergamo,importacao@giannini.com.br,Giannini S.A.,Salto /SP,giannini-com-br.mail.protection.outlook.com.,Microsoft 365
Rodrigo,compras@girbau.com.br,Girbau do Brasil Máquinas de Lavanderia Ltda.,São Paulo /SP,girbau-com-br.mail.protection.outlook.com.,Microsoft 365
Cristiane Dantas,cristiane.dantas@gkn.com,GKN Sinter Metals Ltda.,Hortolândia /SP,eu-smtp-inbound-1.mimecast.com.,Corporativo Protegido
Sr. Didier,brasil@ggbearings.com,Glacier Garlock Bearings do Brasil Ltda.,Barueri /SP,mxa-0058d601.gslb.pphosted.com.,Corporativo Protegido
Douglas Carlo,douglas.carlo@clariant.com,Global Amines Comercio de Produtos Químicos Ltda.,Suzano /SP,mxa-00314001.gslb.pphosted.com.,Corporativo Protegido
Netto,compras@globalpetsa.com.br,Global Pet Reciclagem S.A.,São Carlos /SP,globalpetsa-com-br.mail.protection.outlook.com.,Microsoft 365
Olívia Agnelli,olivia.agnelli@globalfood.com.br,Globalfood Sistemas Ingredientes e Tecnologia para Alimentação Lt,São Paulo /SP,globalfood-com-br.mail.protection.outlook.com.,Microsoft 365
Fabio G. Pinto / Sergio Veiga,admvendas@globalpack.com.br,Globalpack Ind. e Com. Ltda.,São Paulo /SP,globalpack-com-br.mail.protection.outlook.com.,Microsoft 365
Carina Piccolotto,comercial@globequimica.com.br,Globe Química Ltda.,Cosmópolis /SP,globequimica-com-br.mail.protection.outlook.com.,Microsoft 365
Cristina Iorio / Thaina Leite,cristina.iorio@br.glory-global.com,Glory Global Solutions (Brasil) Máquinas e Equipamentos,São Paulo /SP,br-gloryglobal-com02b.mail.protection.outlook.com.,Microsoft 365
Cleide Amaro,camaro@gnresound.com.br,Gn Resound Industria e Comercio de Aparelhos Auditivos Ltda,Sao Jose dos Campos /SP,gnresound-com-br.mail.protection.outlook.com.,Microsoft 365
Milton Cardoso,grammer@atinet.com.br,Grammer do Brasil Ltda.,Atibaia /SP,mx.zoho.com.,Outro
Kity Komaya,granol.ana@granol.com.br,Granol Ind. Com. e Exp. S.A.,São Paulo /SP,granol-com-br.mail.protection.outlook.com.,Microsoft 365
João Mariano,joaomariano@biosoja.com.br,Granorte Fertilizantes Ltda.,Ituverava /SP,biosoja-com-br.mail.protection.outlook.com.,Microsoft 365
Daniela Missano,daniela.missano@graphicpkg.com.br,Graphic Packaging International do Brasil - Embalagens,Jundiaí /SP,graphicpkg-com-br.mail.protection.outlook.com.,Microsoft 365
Kátia Silva,katia.silva@gbo.com,Greiner Bio-One Brasil Produtos Médicos Hospitalares Ltda.,Americana /SP,mxb-0025fa01.gslb.pphosted.com.,Corporativo Protegido
João Vicente Panellã Motta,grow@dialdata.com.br,Grow Jogos e Brinquedos S.A.,São Bernardo do Campo /SP,mx.claramail.com.br.,Outro
Edmilson Boteon,edmilson.boteon@embramaco.com.br,Grupo Embramaco - Empresa Brasileira de Materiais para Construção,Santa Gertrudes /SP,embramaco-com-br.mail.protection.outlook.com.,Microsoft 365
Alethea  (Sra.),compras@trousseau.com.br,Gvr Home Ind. e Com. de Enxovais Ltda. -Trousseau,São Paulo /SP,alt1.aspmx.l.google.com.,Google Workspace
Renato Kanetaka / Eduardo Ramalho,renato.kanetaka@gvs.com,Gvs do Brasil Ltda.,Monte Mor /SP,gvs.esvacloud.com.,Outro
Karina Balejo,karina.balejo@gen.com.br,Gênese Produtos Farmacêuticos e Diagnósticos Ltda.,São Paulo /SP,aspmx.l.google.com.,Google Workspace
Ana Luiza Teixeira,analuiza.teixeira@habasit.com.br,Habasit do Brasil Ind. e Com. de Correias Ltda.,Barueri /SP,habasit-com-br.mail.protection.outlook.com.,Microsoft 365
Renata,renata@haitian.com.br,Haitian Huayuan South America Comércio de Máquinas Ltda.,São Roque /SP,mx.core.locaweb.com.br.,Locaweb
Marcio Garcia,info@hbr.haldex.com,Haldex do Brasil Ind. e Com. Ltda.,São Paulo /SP,mx.core.locaweb.com.br.,Locaweb
Sandra Vallilo,sandra.vallilo@hamon.com,Hamon do Brasil Ltda.,São Paulo /SP,hamon-com.mail.protection.outlook.com.,Microsoft 365
Ana Maria,ana@handle.com.br,Handle Com. de Equipamentos Médicos Ltda.,Ribeirão Preto /SP,handle-com-br.mail.protection.outlook.com.,Microsoft 365
Carmem Barbosa,carmem.barbosa@harris-brastak.com.br,Harris Soldas Especiais S.A.,São Paulo /SP,mxb-0017a702.gslb.pphosted.com.,Corporativo Protegido
Dulcelina Dias,comunica@haverbrasil.com.br,Haver e Boecker Latinoamericana Máquinas Ltda.,Monte Mor /SP,haverbrasil-com-br.mail.protection.outlook.com.,Microsoft 365
Joaquim Esteves,joaquim.esteves@hbr.net,HBR Equipamentos Ltda.,São Paulo /SP,hbr-net.mail.protection.outlook.com.,Microsoft 365
Marcio Favilla,fhassun@hellermanntyton.com.br,Hellermanntyton Ltda.,Jundiaí /SP,hellermanntyton-com-br.mail.protection.outlook.com.,Microsoft 365
Vania Lucia Feitosa,heraeus@uol.com.br,Heraeus Electro-Nite Instrumentos Ltda.,Diadema /SP,mx.uol.com.br.,UOL/Terra
Luiz Henrique da Silva Freitas,vendas@herbicat.com.br,Herbicat Ltda.,Catanduva /SP,herbicat-com-br.mail.protection.outlook.com.,Microsoft 365
Leonardo Ventura,leonardo.ventura@hexagon.com,Hexagon Metrology Sistemas de Medição Ltda.,São Paulo /SP,hexagon-com.mail.protection.outlook.com.,Microsoft 365
Fernanda,fernanda@hidroall.com.br,Hidroall do Brasil Ltda.,Valinhos /SP,hidroall-com-br.mail.protection.outlook.com.,Microsoft 365
Giseli Fernanda Oliviera,giseli@hoerbiger.com.br,Hoerbiger do Brasil Indústria de Equipamentos Ltda.,Cajamar /SP,.,Outro
Jhorgi Higashi,jhorgi.higashi@altana.com,Homag South America Ltda.,Cerquilho /SP,smail-alt-mta1.dts-security.de.,Outro
Mauricio,marketing@honeywell.com,Honeywell do Brasil Ltda.,Barueri /SP,honeywell-com.mail.protection.outlook.com.,Microsoft 365
Eliana Santos,eliana@huesker.com.br,Huesker Ltda.,São José dos Campos /SP,huesker-com-br.mail.protection.outlook.com.,Microsoft 365
Paula Gonzaga,pgonzaga@husky.ca,Husky do Brasil Sistemas de Injeção Ltda.,Jundiaí /SP,mxa-0078a601.gslb.pphosted.com.,Corporativo Protegido
Rodolfo Domingues,rodolfo.domingues@hydro.com,Hydro Alumínio Acro S/A,Itu /SP,hydro-com.mail.protection.outlook.com.,Microsoft 365
Luciana Masetti,pbarros@hypercom.com,Hypercom do Brasil Ind. e Com. Ltda.,São Paulo /SP,hypercom-com.mail.protection.outlook.com.,Microsoft 365
José Lúcio Casteliano,hubner@hubner.com.br,Hübner Sanfonas Industriais Ltda.,Caçapava /SP,hubner-com-br.mail.protection.outlook.com.,Microsoft 365
Sueli Nakama,iqbc@iqbc.com.br,I.Q.B.C.Produtos Químicos Ltda.,Diadema /SP,mail.iqbc.com.br.,Outro
Helena Pocas Leitao,editoras@ibep-nacional.com.br,IBEP -  Instituto Brasileiro de Edições Pedagogicas Ltda.,São Paulo /SP,ibepnacional-com-br01b.mail.protection.outlook.com.,Microsoft 365
Juliano Pinheiro,juliano.pinheiro@iberoquimica.com.br,Iberoquimica do Brasil Ltda.,Jundiaí /SP,iberoquimica-com-br.mail.protection.outlook.com.,Microsoft 365
Solange,solange@ibg.com.br,Ibg Industria Brasileira de Gases Ltda,Jundiaí /SP,antispam04.pensomail.com.br.,Outro
Glaucia,compras@ibratecgrafica.com.br,Ibratec Artes Gráficas Ltda.,Barueri /SP,alt1.aspmx.l.google.com.,Google Workspace
Andrea Costa Braga,andrea@iccbrazil.com.br,Icc Industrial Com. Exp. e Imp. Ltda.,São Paulo /SP,alt1.aspmx.l.google.com.,Google Workspace
Sidnei,suprimentos@ideaquimica.com.br,Idea Química Ltda.,Barueri /SP,mx.jk.locaweb.com.br.,Locaweb
José,jose@idealwork.com.br,Ideal Work Uniformes e E.P.I.S Ltda,Jandira /SP,idealwork-com-br.mail.protection.outlook.com.,Microsoft 365
Carlos Alberto Presa,exportation@igaratiba.com.br,Igaratiba Ind. e Com. Ltda.,São Paulo /SP,igaratiba-com-br.mail.protection.outlook.com.,Microsoft 365
Andre Tavan,fatima@funcex.org.br,Iglu Comercial e Importadora Ltda.,Marilia /SP,mx.jk.locaweb.com.br.,Locaweb
João,joao@caporal.com.br,Iimak da Amazônia Fitas Para Impressão Ltda.,São Paulo /SP,mx01.picture.com.br.,Outro
Fábio,imagraf@imagrafbrasil.com.br,Imagraf Ind. de Tintas Graficas Ltda.,Mairinque /SP,imagrafbrasil-com-br.mail.protection.outlook.com.,Microsoft 365
Mariza C. Maset Nunes,marketing@norgren.com.br,Imi Norgren Ltda.,São Paulo /SP,mx.b.locaweb.com.br.,Locaweb
Sérgio Teixeira Rolão,impacta@impacta-brazil.com.br,Impacta S.A. Ind. e Com.,Cajamar /SP,impactabrazil-com-br01i.mail.protection.outlook.com.,Microsoft 365
Rivaldo,rivaldo@imparsports.com.br,Impar Sports Ind. e Com. de Materiais Esportivos Ltda.,São Roque /SP,mail.imparsports.com.br.,Outro
Jefferson,jefferson@guririltda.com.br,Importadora e Exportadora Guriri Ltda.,São Paulo /SP,guririltda-com-br.mail.protection.outlook.com.,Microsoft 365
Cristiane Barcelos,ambriex@ambriex.com.br,Importação Indústria e Comércio Ambriex S.A.,Barueri /SP,ambriex-com-br.mail.protection.outlook.com.,Microsoft 365
Alfredo Queiroz,inalfa@inalfa.com.br,Inalfa América do Sul Ltda.,São Paulo /SP,inalfa-com-br.mail.protection.outlook.com.,Microsoft 365
Shislene Campisi,edson.saniotto@inapel.com.br,Inapel Embalagens Ltda.,Guarulhos /SP,inapel-com-br.mail.protection.outlook.com.,Microsoft 365
Teodoro Canossa,inbra@originet.com.br,Inbra Indústrias Químicas Ltda.,Diadema /SP,mx2.hostinger.com.,Outro
Luciano Baptista,luciano.baptista@inbrasp.ind.br,Inbrasp - Indúustria Brasileira de Plásticos Ltda.,Botucatu /SP,mail.inbrasp.ind.br.,Outro
Fabiano,incomaf@incomaf.com.br,Incomaf S.A. Ind. e Com.,Itaquaquecetuba /SP,mx-vip-02.kinghost.net.,KingHost
Petsie Pennings,petsie.pennings@incotec.com.br,Incotec América do Sul Tecnologia em Sementes Ltda.,Holambra /SP,.,Outro
Isaura Tozan,isauratozan@azumakirin.com.br,Ind. Agrícola Tozan Ltda.,Campinas /SP,azumakirin-com-br.mail.protection.outlook.com.,Microsoft 365
Heraldo / André,export@indbandeirante.com.br,Ind. Bandeirante de Artef. de Plásticos e Madeira Ltda.,São Paulo /SP,indbandeirante-com-br.mail.protection.outlook.com.,Microsoft 365
Simone,financeiro@ibbaloes.com.br,Ind. Brasileira de Balões S.A.,São Roque /SP,mx.mailcorp.com.br.,Outro
Pedro Pella,nautika@uol.com.br,Ind. Brasileira de Infláveis Nautika Ltda.,Guarulhos /SP,mx.uol.com.br.,UOL/Terra
Luiz,luiz@feltrossantafe.com.br,Ind. de Feltros Santa Fé S.A.,Guarulhos /SP,feltrossantafe-com-br.mail.protection.outlook.com.,Microsoft 365
Gilberto de Lemos Ribeiro,gilberto@trifil.com.br,Ind. de Meias Scalina Ltda.,Guarulhos /SP,trifil-com-br.mail.protection.outlook.com.,Microsoft 365
André Marques,marine@francanet.com.br,Ind. e Com. de Calçados e Artigos de Couro Mariner Ltda.,Franca /SP,.,Outro
Ivini Granado,export@predilecta.com.br,Ind. e Com. de Conservas Alimentícias Predilecta Ltda.,Matão /SP,predilecta-com-br.mail.protection.outlook.com.,Microsoft 365
Wagner de La Rovera Pinto,export@zaraplast.com.br,Ind. e Com. de Plásticos Zaraplast Ltda.,São Paulo /SP,mx-ha.skymail.net.br.,Outro
Christian Kaufmann,vendas@gehaka.com.br,Ind. e Com. Eletro Eletrônica Gehaka Ltda.,São Paulo /SP,gehaka-com-br.mail.protection.outlook.com.,Microsoft 365
Fernando Araújo Vitor,jakatz@ibm.net,Ind. e Com. Jolitex Ltda.,São Bernardo do Campo /SP,.,Outro
Carolina Machado,carolina.exp@foroni.com.br,Ind. Gráfica Foroni Ltda.,São Paulo /SP,mxb-002d6e01.gslb.pphosted.com.,Corporativo Protegido
Armando Azevedo da Silva,exportacao@jandaia.com,Ind. Gráfica Jandaia Ltda.,São Paulo /SP,mx2.hostinger.com.,Outro
Luiz,luiz@samot.com.br,Ind. Mecânica Samot Ltda.,São Paulo /SP,samot-com-br.mail.protection.outlook.com.,Microsoft 365
Alvaro,alvaro@ima.com.br,Ind. Metalúrgica Alli Ltda.,São Paulo /SP,alt1.aspmx.l.google.com.,Google Workspace
Jailson,erik.parronchi@quimicanastacio.com.br,Ind. Química Anastácio S.A.,São Paulo /SP,quimicanastacio-com-br.mail.protection.outlook.com.,Microsoft 365
Fabiana Teles,fabiana@una.com.br,Ind. Química Una Ltda.,Itaquaquecetuba /SP,mx.una.com.br.,Outro
Tania Regina Moreti,vivian.cunha@indebras.com.br,Indebras Ind. Eletromecânica Brasileira Ltda.,São Paulo /SP,route2.mx.cloudflare.net.,Outro
Dirnei de Almeida,index@indextornos.com.br,Index Tornos Automáticos Ind. e Com. Ltda.,Sorocaba /SP,mx01.index-group.com.,Outro
Katia,inductotherm@inductotherm.com.br,Inductotherm Group Brasil Ltda.,Indaiatuba /SP,.,Outro
HEBER,export@induscabos.com.br,Induscabos Condutores Elétricos Ltda.,Poá /SP,mx-ha.skymail.net.br.,Outro
Ivo M. Belucci,ivombelucci@caio.com,Induscar Ind. e Com. de Carrocerias Ltda.,São Paulo /SP,mx.caio.com.,Outro
José Roberto Tavares Brunherotto,parquet@indusparquet.com.br,Indusparquet Ind. e Com. de Madeiras Ltda.,Tiête /SP,indusparquet-com-br.mail.protection.outlook.com.,Microsoft 365
Marcio Kelen,marciokelen@kels.com.br,Industria Metaloquimica Kels Ltda,Diadema /SP,kels-com-br.mail.protection.outlook.com.,Microsoft 365
Marcos Alexandre,plasticosbariri@plasticosbariri.com.br,Indústria de Plásticos Bariri Ltda.,Bariri /SP,mx.a.locaweb.com.br.,Locaweb
Marcelo Massa,resistente@linhasresistente.com.br,Indústria e Comércio de Linhas Resistente Ltda.,Poa /SP,mx1.hostinger.com.,Outro
Marcia Barbulin,vendas@leal.com.br,Indústria e Comércio Leal Ltda.,Campo Limpo Paulista /SP,mx2.hc6164-24.iphmx.com.,Outro
Anita,compras2@maxdel.ind.br,Indústria Metalúrgica Maxdel Ltda.,Mauá /SP,fallbackmx.spamexperts.eu.,Outro
Edna Jewel,arteb@arteb.com.br,Indústrias Arteb S.A.,São Bernardo do Campo /SP,arteb-com-br.mail.protection.outlook.com.,Microsoft 365
Serafím José Lorenzo V.,ibarcomercioexterior@ig.com.br,Indústrias Brasileiras de Artigos Refratários - Ibar Ltda.,Poá /SP,mx-ha.skymail.net.br.,Outro
Daniela Cunha,daniela.cunha@ingenico.com.br,Ingenico do Brasil Ltda.,São Bernardo do Campo /SP,spool.mail.gandi.net.,Outro
Patricia Esteves,patricia.esteves@ingeteam.com,Ingeteam Ltda.,Campinas /SP,ingeteam-com.q-v1.mx.microsoft.,Microsoft 365
Paulo Cesar Saldanha Rodrigues,injex@injex.com.br,Injex Indústrias Cirúrgicas Ltda.,Ourinhos /SP,mx.b.locaweb.com.br.,Locaweb
Felipe Cury,felipe.cury@injex.com.br,Injex Pen Ind. e Com. de Artigos Plásticos Ltda.,Ourinhos /SP,mx.b.locaweb.com.br.,Locaweb
Amos Teles,amos.teles@innovapack.com.br,Innovapack Embalagens Ltda.,Itaquaquecetuba /SP,avas-mx-interpack-2.planisys.net.,Outro
Renan Tacara,renan_tacara@cargill.com,Innovatti - Ind. e Com. de Ésteres Sintéticos Ltda.,Mairinque /SP,mxa-001c3202.gslb.pphosted.com.,Corporativo Protegido
Maria Teresa Campos,teresasm@ipt.br,Instituto de Pesquisas Tecn do Est de S P S.A. I P T,São Paulo /SP,ipt-br.mail.protection.outlook.com.,Microsoft 365
Marco,compras@instrutherm.com.br,Instrutherm Instrumentos de Medição Ltda,Sao Paulo /SP,smtprin2.f1.k8.com.br.,Outro
Renato,renato@intercomquimica.com.br,Intercom Comercio de Produtos Químicos Ltda,Sao Paulo /SP,proxmgw.vgt.com.br.,Outro
Luciano Bonini,luciano.bonini@us.interfaceinc.com,Interface Flooring Systems Comercial Ltda.,São Paulo /SP,mxb-00313303.gslb.pphosted.com.,Corporativo Protegido
Regiane,importacao@interlabdist.com.br,Interlab Distribuidora de Produtos Científicos S.A.,São Paulo /SP,alt4.aspmx.l.google.com.,Google Workspace
Lucila M. Tardivo Prandini,intermedic@uol.com.br,Intermedic Technology Importação e Exportação Ltda.,São Paulo /SP,mx.uol.com.br.,UOL/Terra
Bianca,import2@intersteel.com.br,Intersteel Aços e Metais Ltda.,São Paulo /SP,intersteel-com-br.mail.protection.outlook.com.,Microsoft 365
Newton Santos,ns@intrupabrasil.com.br,Intrupa do Brasil Ltda.,São Paulo /SP,mx.b.locaweb.com.br.,Locaweb
Carlos Hoesker,carlos.a.hoesker@invensys.com,Invensys Appliance Controls Ltda.,Sumaré /SP,de-smtp-inbound-1.mimecast.com.,Corporativo Protegido
GRACIELA R. BOARETI,office@inylbra.com.br,Inylbra Tapetes e Veludos Ltda.,Diadema /SP,inylbra-com-br.mail.protection.outlook.com.,Microsoft 365
Paulo,ipaina@uol.com.br,Ipanema Importadora Ltda,Sao Paulo /SP,mx.uol.com.br.,UOL/Terra
Maria Aparecida Nascimento Lima,maria@irizar.com.br,Irizar Brasil S.A.,Botucatu /SP,irizar-com-br.mail.protection.outlook.com.,Microsoft 365
Jane Aparecida Diogo Bottura,isa.avicola@uol.com.br,Isa Avícola Ltda.,Salto /SP,mx.uol.com.br.,UOL/Terra
Leticia,leticia@italytec.com.br,Italytec Imex Indústria e Comércio Ltda.,Americana /SP,italytec-com-br.mail.protection.outlook.com.,Microsoft 365
Sra. Teiko,teiko@itochu.com.br,Itochu Brasil S/A,São Paulo /SP,itochu-com-br.mail.protection.outlook.com.,Microsoft 365
Celso,itr@itrsa.com.br,Itr South America Com. Imp. e Exp. Ltda.,São Paulo /SP,mx.b.locaweb.com.br.,Locaweb
Adriana Nunes,adriana.nunes@itt.com,ITT Bombas Goulds do Brasil Ltda.,Salto /SP,itt-com.mail.protection.outlook.com.,Microsoft 365
Diana Paula / Flavia,dpaula@itwchem.com.br,ITW Chemical Products Ltda.,Embu /SP,mail-bn14138.inbound.protection.outlook.com.,Microsoft 365
Gideon Koren,cassio@itw.com.br,Itw Mapri Ind. e Com. Ltda.,São Paulo /SP,itw-com-br.mail.protection.outlook.com.,Microsoft 365
Jill,jill@mtek.com.br,Ivoclar Vivadent Ltda.,São Paulo /SP,mx.core.locaweb.com.br.,Locaweb
Carolina Tomita,carolina.tomita@jrsla.com.br,J. Rettenmaier Latinoamericana Ltda.,Diadema /SP,mxa-005b7001.gslb.pphosted.com.,Corporativo Protegido
Maria Carolina Leão,impex@jshayeb.com.br,J. Shayeb e Cia. Ltda.,Bauru /SP,mail.jshayeb.com.br.,Outro
Orlando,orlando@jaguar.ind.br,Jaguar Ind. e Com. de Plásticos Ltda.,Jaguariúna /SP,jaguar-ind-br.mail.protection.outlook.com.,Microsoft 365
Jair Menardi,mult_trigo@terra.com.br,Jair Menardi & Cia Ltda.,São José do Rio Pardo /SP,mx.terra.com.br.,UOL/Terra
Renate,r.blohm@mueller-frick.com,Jakob Muller Brasil máquinas e Comercio Ltda,Sao Paulo /SP,mx1.hc2154-78.eu.iphmx.com.,Outro
Heleno Junior,helenojunior@janome.com.br,Janome do Brasil Comércio de Máquinas Ltda.,São Paulo /SP,janome-com-br.mail.protection.outlook.com.,Microsoft 365
Mitiyo Munakata,japi.sa@japi.com.br,Japi S.A. Ind. e Com.,Jundiaí /SP,alt3.aspmx.l.google.com.,Google Workspace
Barbara,barbara.b@jati.com.br,Jati Serviços Comércio e Importação de Aços Ltda.,São Paulo /SP,jati-com-br.mail.protection.outlook.com.,Microsoft 365
Karine,karine@jgmoriya.com.br,JG Moriya Rep. Imp. Exportadora e Coml. Ltda.,São Paulo /SP,smtp.google.com.,Google Workspace
Nagib Destro,jlcapacitores@tavola.com.br,Jl Capacitores Ltda,Barueri /SP,antispam-pmg.durand.com.br.,Outro
Mark Heinke,vendas@jmbzeppelin.com.br,Jmb Zeppelin Equipamentos Industriais Ltda.,São Bernardo do Campo /SP,mx2.iphotel.com.br.,Outro
Fernando Martins,fernando.martins@jbtc.com,John Bean Technologies Máquinas e Equipamentos Industriais Ltda.,Araraquara /SP,jbtc-com.mail.protection.outlook.com.,Microsoft 365
Rita,jotaeme@jotaeme.com.br,Jotaeme - Fitafer Ind. Metalúrgica Ltda.,Franco da Rocha /SP,mx.jk.locaweb.com.br.,Locaweb
Marilangi Gama,marilangi.gama@kerry.com,Junior Alimentos Ind. e Com. Ltda.,Cotia /SP,de-smtp-inbound-1.mimecast.com.,Corporativo Protegido
Simone,silca@kabadobrasil.com.br,Kaba do Brasil Ltda.,São Paulo /SP,mx.a.locaweb.com.br.,Locaweb
Nilton,kalipso@uol.com.br,Kalipso Equipamentos Individuais de Proteção Ltda.,São Paulo /SP,mx.uol.com.br.,UOL/Terra
Vladimir Malahodky,douglas@kanaflex.com.br,Kanaflex S.A. Ind. de Plásticos,Embu /SP,kanaflex-com-br.mail.protection.outlook.com.,Microsoft 365
Camila,kasa.comex@kemin.com,Kemin do Brasil Ltda.,Indaiatuba /SP,d130440b.ess.barracudanetworks.com.,Corporativo Protegido
Maria Inês Domingues,sharazaki@tyco-valves.com,Keystone do Brasil Ltda.,Sorocaba /SP,_dc-mx.1bf06c538c94.tyco-valves.com.,Outro
Rafael Lopes,khamelimportacao@terra.com.br,Khamel Representações Importação e Exportação Ltda.,São Paulo /SP,mx.terra.com.br.,UOL/Terra
Alex Sandro Ratão Barbara,alex.export@kidy.com.br,Kidy Birigui Calçados Ind. e Com. Ltda.,Birigüi /SP,mail.kidy.com.br.,Outro
Giovanna,giovanna@protcap.com.br,Killing Bahia Tintas e Adesivos Ltda.,São Paulo /SP,mx1.hc6164-24.iphmx.com.,Outro
Marcus Vinicius Rosabone,export@klin.com.br,Klin Produtos Infantis Ltda.,Birigüi /SP,mail.klin.com.br.,Outro
Neil Irarrázabal,marketing@rfsworld.com,Kmp Cabos Especiais e Sistemas Ltda.,São Paulo /SP,mx03.hornetsecurity.com.,Outro
Bruna Miranda,bruna.miranda@komaxgroup.com,Komax Coml. do Brasil Ltda.,Barueri /SP,komaxgroup-com.mail.protection.outlook.com.,Microsoft 365
Ligia,diretoria@koppert.com.br,Koppert do Brasil Holding Ltda.,Piracicaba /SP,koppert-com-br.mail.protection.outlook.com.,Microsoft 365
André,comercial@kopron.com,Kopron do Brasil Com. e Ind. de Equipamentos de Logística Ltda.,Jundiaí /SP,alt3.aspmx.l.google.com.,Google Workspace
Iris Hidaka,kotaimp@terra.com.br,Kota Imports Ltda.,São Paulo /SP,mx.terra.com.br.,UOL/Terra
Henrique Lewi,andrea.tognelli@kraton.com,Kraton Polymers do Brasil S.A.,São Paulo /SP,kraton-com.mail.protection.outlook.com.,Microsoft 365
Vagner Faccini,hoesch@ibm.net,Krupp Hoesch Molas Ltda.,São Paulo /SP,.,Outro
Rose Morilla,exportacao@kuka.com.br,Kuka Produtos Infantis Ltda.,São Paulo /SP,mx.mailcorp.com.br.,Outro
Julio Kawano,info@kurita.com.br,Kurita do Brasil Ltda.,São Paulo /SP,kurita-com-br.mail.protection.outlook.com.,Microsoft 365
José Martins,comex@yashica.com.,Kyocera - Yashica do Brasil Ind. e Com. Ltda.,Sorocaba /SP,alt2.aspmx.l.google.com.,Google Workspace
Joaquim Gimenes,labate@labate.com.br,Labate Papéis Máquinas e Suprimentos Ltda.,São Paulo /SP,labate-com-br.mail.protection.outlook.com.,Microsoft 365
Sheila Cristina Collino,labonathus@labonathus.com.br,Labonathus Biotecnologia Internacional Ltda.,São Paulo /SP,labonathus-com-br.mail.protection.outlook.com.,Microsoft 365
Luciano Sanches,luciano.sanches@biovet.com.br,Laboratório Bio Vet S.A.,Vargem Grande Paulista /SP,biovet-com-br.mail.protection.outlook.com.,Microsoft 365
Elisa Amaral,labordental@labordental.com.br,Labordental Ltda.,São Paulo /SP,labordental-com-br.mail.protection.outlook.com.,Microsoft 365
Gilmar,laborglas@laborglas.com.br,Laborglas Ind. e Com. de Materiais para Laboratório Ltda.,São Paulo /SP,mia1-load.revendammd.com.br.,Outro
Nilda Maria Carneiro,nilda@synth.com.br,Labsynth Produtos Para Laboratórios Ltda,Diadema /SP,mx.mailcorp.com.br.,Outro
Gerson,gsanches@lagoa.com.br,Lagoa da Serra Ltda.,Sertãozinho /SP,intra.crvlagoa.com.br.,Outro
Mara Escotom,gulliver@gulliver.com.br,Lamedid Comercial e Serviços Ltda.,São Caetano do Sul /SP,mail.gulliver.com.br.,Outro
Ralf Thibes,langmekra@uol.com.br,Lang Mekra do Brasil Ltda.,Sorocaba /SP,mx.uol.com.br.,UOL/Terra
Leo Scarpar,leo.scapar@lanxess.com,Lanxess - Indústria de Produtos Químicos e Plásticos Ltda.,São Paulo /SP,lanxess-com.mail.protection.outlook.com.,Microsoft 365
Pedro,comercial@lavorwash.com.br,Lavorwash Brasil Industrial e Comercial Ltda.,Ribeirão Preto /SP,lavorwash-com-br.mail.protection.outlook.com.,Microsoft 365
Raquel,raquel@lbtlasers.com.br,LBT Laser Brasil Technology Com. Imp. e Exp. Ltda.,São Paulo /SP,mx.jk.locaweb.com.br.,Locaweb
Cristina,cristina.marques@leggett.com,Leggett & Platt do Brasil Ltda,Sao Paulo /SP,leggett-com.mail.protection.outlook.com.,Microsoft 365
Legris do Brasil Ltda,adm@legris.com.br,Legris do Brasil Ltda.,Sao Bernardo do Campo /SP,.,Outro
Cláudio Rômulo,leiner1@tdec.com.br,Leiner Davis Gelatin Brasil Ind. Com. Ltda.,Cotia /SP,mx1-us1.ppe-hosted.com.,Outro
Arris,extrainfo@vivax.com.br,Leitz Ferramentas para Madeira Ltda.,São Paulo /SP,mx.ar.rdmbr.net.,Outro
Angela Garofalo,linhanyl@linhanyl.com.br,Linhanyl S.A. Linhas para Coser,São Paulo /SP,mx-vip-01.kinghost.net.,KingHost
Reinaldo Costa Júnior,liotecnica@liotecnica.com,Liotécnica Ind. e Com. Ltda.,Embu /SP,.,Outro
Carla Fernandes,reinaldo@canuto.com.br,Livraria Canuto Ltda.,São Paulo /SP,.,Outro
Mario Motta / Lillian Dionísia,mmotta@livrariacultura.com.br,Livraria Cultura S.A.,São Paulo /SP,mx128.umbler.in.,Outro
Renata Torneli,renata.henriques@biogenidec.com,Losinox Ltda.,São Paulo /SP,biogenidec-com.mail.protection.outlook.com.,Microsoft 365
Walter,walter@lsembalagens.com.br,LS Embalagens Com. Serviços e Logística Ltda.,Guarulhos /SP,mx.a.locaweb.com.br.,Locaweb
Andreia,ltm@ltmchicotes.com.br,Ltm Ind. e Com. de Chicotes Elétricos Ltda.,Botucatu /SP,mail.ltmchicotes.com.br.,Outro
Sergio,lulitex@lulitex.com.br,Lulitex Com. Imp. e Exp. Ltda.,São Paulo /SP,mx.core.locaweb.com.br.,Locaweb
Marcio,compras@luminartintas.com.br,Luminar Tintas e Vernizes Ltda.,São Paulo /SP,luminartintas-com-br.mail.protection.outlook.com.,Microsoft 365
Luis Gaspar,gaspar@lupo.com.br,Lupo S.A.,Araraquara /SP,lupo-com-br.mail.protection.outlook.com.,Microsoft 365
Edson Correa,edson@luxembourg.com.br,Luxembourg Brasil Comércio de Produtos Químicos Ltda.,São Paulo /SP,mickjagger.pbrasil.com.br.,Outro
Evandro Moreira,emoreira@lwart.com.br,Lwarcel Celulose e Papel Ltda.,Lençóis Paulista /SP,lwart-com-br.mail.protection.outlook.com.,Microsoft 365
Denise,recep@madepar.com.br,Madepar Laminados S.A.,São Paulo /SP,madepar-com-br.mail.eo.outlook.com.,Microsoft 365
Fernando Nicory,fernando@magmaind.com.br,Magma Indústria e Comércio Têxtil Ltda.,São Paulo /SP,mx.jk.locaweb.com.br.,Locaweb
Vera Costa,berlan@uol.com.br,Malharia Berlan Ltda.,São Paulo /SP,mx.uol.com.br.,UOL/Terra
Loretto Bove,loreto@manikraft.com.br,Manikraft Guainazes Ind. de Celulose e Papel Ltda.,Suzano /SP,manikraft-com-br.mail.protection.outlook.com.,Microsoft 365
Fernanda,export@mapol.com.br,Mapol Ind. e Com. Ltda.,São Paulo /SP,mx.jk.locaweb.com.br.,Locaweb
Fabio,fabio@maqmoveis.com.br,MaqMóveis Industria e Comércio de Móveis Ltda.,Taquaritinga /SP,alt2.aspmx.l.google.com.,Google Workspace
Ignácio Muza Mancilha Filho,produto@margirius.com.br,Mar Girius Continental Ind. de Cont. Elétricos Ltda.,Porto Ferreira /SP,margirius-com-br.mail.protection.outlook.com.,Microsoft 365
José Eduardo Casarin,sales@marilan.com,Marilan Alimentos S.A.,Marília /SP,marilan-com.mail.protection.outlook.com.,Microsoft 365
Alexander Korich,vendas@marles.com.br,Marles Ind. Têxtil Ecom. Limitada,São Paulo /SP,marles-com-br.mail.protection.outlook.com.,Microsoft 365
Paulo Dornellas,marposs@br.marposs.com,Marposs Aparelhos Eletrônicos de Medição Ltda.,São Paulo /SP,mx001-200120677.smtp.cloud-y.com.,Outro
Luciano Riguini,mase@mase.com.br,Mase Produtos Químicos e Farmacêuticos Ltda.,São Paulo /SP,mx.a.locaweb.com.br.,Locaweb
Elaine,elaine@masterpumps.com.br,Master Pumps Embalagens Com. Imp. e Exp. Ltda,Diadema /SP,mx.core.locaweb.com.br.,Locaweb
Egon Scheiber,mausa@mausa.com.br,Mausa S.A. Equipamentos Industriais,Piracicaba /SP,mausa-com-br.mail.protection.outlook.com.,Microsoft 365
Cassia,cassia@mcmindustrial.com.br,MCM Química Indl. Ltda.,São Paulo /SP,mcmindustrial-com-br.mail.protection.outlook.com.,Microsoft 365
Fulvio,fulvio.a@policom.com.br,Meb Comercial Importadora e Exportadora Ltda.,São Paulo /SP,policom-com-br.mail.protection.outlook.com.,Microsoft 365
Alex Alves,mecano@mecano.com.br,Mecano Fabril Ltda.,Osasco /SP,mx.core.locaweb.com.br.,Locaweb
Ronald,importacao@lamedid.com.br,Med Goldman Industria e Com. Ltda. - Epp,Barueri /SP,lamedid-com-br.mail.protection.outlook.com.,Microsoft 365
Murilo Ribeiro de Araujo,comex@melhoramentos.com.br,Melhoramentos Papéis Ltda.,São Paulo /SP,melhoramentos-com-br.mail.protection.outlook.com.,Microsoft 365
Moacir,mensageirafrutas@gmail.com,Mensageira Comércio e Importação de Frutas Ltda. - EPP,São Paulo /SP,alt1.gmail-smtp-in.l.google.com.,Google Workspace
Luciana Melo,lucianamelo@mepbrasil.com.br,Mep Brasil Com. e Serv. de Maq. e Equip. na Transformação de Aço,Piedade /SP,mail.mepbrasil.com.br.,Outro
Marcos A. Nunes Vasconcelos,vendas.mercocitrico@tlna.com,Mercocítrico Fermentações S.A.,Sta. Rosa de Viterbo /SP,mail.h-email.net.,Outro
Daniela,metalac@metalac.com.br,Metalac Sps Ind. e Com. Ltda.,Sorocaba /SP,mx0a-001a0401.pphosted.com.,Corporativo Protegido
Luiz Eduardo Brunoro,rojek@rojek.com.br,Metalgráfica Rojek Ltda.,Cajamar /SP,mx.b.locaweb.com.br.,Locaweb
Cassio Gomes / Gilberto,cassio.gomes@metalinox.com.br,Metalinox Aços e Metais Ltda.,São Paulo /SP,metalinox-com-br.mail.protection.outlook.com.,Microsoft 365
Simone / Fernanda,metalms@metalms.com.br,Metalms Industrial Brasileira de Metais Ltda.,Aruja /SP,aracaju.braslink.com.,Outro
Paolo Fiorleta,marketing@metroval.com.br,Metroval Mecânica e Medição Ltda.,Nova Odessa /SP,metroval.in.tmes.trendmicro.com.,Corporativo Protegido
Isaac da Fonseca,vendas@mettler.com.br,Mettler Toledo Ind. e Com. Ltda.,Barueri /SP,mx1.hc1191-61.eu.iphmx.com.,Outro
José Ferreira,amparo@uol.com.br,Minasa Trading International S.A.,Campinas /SP,mx.uol.com.br.,UOL/Terra
Rogerio Calderon,minerios@ourobranco.com.br,Minerios Ouro Branco Ltda.,São Paulo /SP,ourobranco-com-br.mail.protection.outlook.com.,Microsoft 365
Paulo Azevedo,pauloazevedo@mirale.com,Mirale Imp. e Exp. Ltda.,São Paulo /SP,mail.h-email.net.,Outro
Meguro,hi.meguro@mitsui.com.br,Mitsui Brasileira Imp. e Exp. S.A.,São Paulo /SP,mitsui-com-br.mail.protection.outlook.com.,Microsoft 365
Luiz Sérgio Campanhão,comex@mitutoyo.com.br,Mitutoyo Sul Americana Ltda.,São Paulo /SP,mitutoyo-com-br.mail.protection.outlook.com.,Microsoft 365
Antonio Cordeiro Rosa Neto,neto@morlan.com.br,Morlan S.A.,Orlândia /SP,morlan-com-br.mail.protection.outlook.com.,Microsoft 365
Ana Camargo,ana.camargo@motoman.com.br,Motoman Robótica do Brasil Ltda.,Diadema /SP,motoman-com.mail.protection.outlook.com.,Microsoft 365
Vera Bonora Voltolim,info@msanet.com.br,Msa do Brasil Equip. e Instrumentos de Segurança Ltda.,Diadema /SP,mx2.titan.email.,Outro
Jaqueline / Karen,contato@msiforks.com.br,MSI - Forks Garfos Industriais Ltda.,São Paulo /SP,mx.b.locaweb.com.br.,Locaweb
Thiago Silva,contato@mundialtractor.com.br,Mundialtractor Com. Imp. e Exp. Ltda.,São Paulo /SP,mundialtractor-com-br.mail.protection.outlook.com.,Microsoft 365
Luís Carlos Xavier,muratec@muratec.com.br,Murata do Brasil Ind. e Com. Ltda.,Itaquaquecetuba /SP,alt4.aspmx.l.google.com.,Google Workspace
Edgard Alan Rodrigues,info@murr.com.br,Murrelektronik do Brasil Indústria e Comércio Ltda.,São Paulo /SP,murr-com-br.mail.eo.outlook.com.,Microsoft 365
Claudia,tiago@musical-express.com.br,Musical Express Comercio Ltda,Sao Paulo /SP,musicalexpress-com-br01i.mail.protection.outlook.com.,Microsoft 365
Aldemiro Bignarde Jr.,jacto@jacto.com.br,Máquinas Agrícolas Jacto S.A.,Pompéia /SP,jacto-com-br.mail.protection.outlook.com.,Microsoft 365
Jorge Mochizuki,coml@nachi.com.br,Nachi do Brasil Ind. e Com. Ltda.,Mogi das Cruzes /SP,nachi-com-br.mail.protection.outlook.com.,Microsoft 365
Maria de Lourdes de Oliveira,nagel@nagel.com.br,Nagel Brasil Máquinas e Ferramentas Ltda.,Salto /SP,nagel-com-br.mail.protection.outlook.com.,Microsoft 365
Tiago Barboza,tiago.barboza@newagebebidas.com.br,Newage Indústria e Comércio de Bebidas e Alimentos Ltda.,Leme /SP,mail.newagebebidas.com.br.,Outro
Fabio Arantes,nicrom@nicromquimica.com.br,Nicrom Química Ltda.,Santana de Parnaiba /SP,nicromquimica-com-br.mail.protection.outlook.com.,Microsoft 365
Alex Hoster,diret@niehoff.com.br,Niehoff Herborn Máquinas Ltda.,Barueri /SP,mail.niehoff.de.,Outro
Fabio,fabio@regattatecidos.com.br,Nixos Coml. Importadora e Exportadora Ltda.,São Paulo /SP,ALT3.ASPMX.L.GOOGLE.COM.,Google Workspace
Andrea Guardino Machado,nordsee@nordsee.com.br,Nordsee Comercial Importadora e Exportadora Ltda.,São Paulo /SP,mx.jk.locaweb.com.br.,Locaweb
Mariana,petrene@novapetrene.com.br,Nova Petrene Consultoria Imp. e Com. Ltda.,São Paulo /SP,novapetrene-com-br.mail.protection.outlook.com.,Microsoft 365
Luiz Antonio Ridigulo,lar@novaplast.com.br,Nova Plast Ind. e Com. Ltda.,Nova Odessa /SP,mail.novaplast.com.br.,Outro
Orvaci Nicolino,diretoria@novomedica.com.br,Novomedica Com. Imp. e Exp. Ltda.,São Paulo /SP,mx.b.locaweb.com.br.,Locaweb
Dalila Yamamoto,compras@nsam.com.br,Ns Indústria de Aparelhos Médicos Ltda.,São Paulo /SP,mx.a.locaweb.com.br.,Locaweb
Bruno,imp1@ntsdobrasil.com.br,NTS do Brasil Comércio de Máquinas e Ferramentas Ltda.,São Bernardo do Campo /SP,mx.a.locaweb.com.br.,Locaweb
Eduardo,eduardo@nutri.com.br,Nutri.Com Tecnologia Ltda.,Diadema /SP,mx.a.locaweb.com.br.,Locaweb
Marcelo,mrodrigues@nutricamp.com.br,Nutricamp - Produtos Agropecuários Ltda.,Campinas /SP,mx.jk.locaweb.com.br.,Locaweb
Patrícia Bonamigo,patricia.bonamigo@oerlikon.com,Oerlikon Balzers Revestimentos Metálicos Ltda.,Jundiaí /SP,oerlikon-com.mail.protection.outlook.com.,Microsoft 365
Eunice Souza Oliveira,oetker@oetker.com.br,Oetker Produtos Alimentícios Ltda.,São Paulo /SP,oetker-com-br.t-v1.mx.microsoft.,Microsoft 365
Adilson Parrella,tamorim@ogara-hess.com,Ogara Hess e Eisenhardt Armoring do Brasil Ltda.,Barueri /SP,mail.h-email.net.,Outro
Fabio,fabio@sovnet.com.br,Ogura Clutch do Brasil Ltda.,São Paulo /SP,mxb-002ab603.gslb.pphosted.com.,Corporativo Protegido
Maria Conceicao,mines@okidata.com.br,Oki Data do Brasil Informática Ltda.,Sao Paulo /SP,mx.b.locaweb.com.br.,Locaweb
Paulo Macari,andrezaenxovais@andrezaenxovais.com.br,Oliveira Lopes Ltda.,Ibitinga /SP,mx.core.locaweb.com.br.,Locaweb
Fernando Lanzilo,fernando.lanzilo@omnilink.com.br,Omnilink Tecnologia S.A.,Barueri /SP,omnilink-com-br.mail.eo.outlook.com.,Microsoft 365
José Gamito Fo,gamito@omnisys.com.br,Omnisys Engenharia Ltda. Epp,São Caetano do Sul /SP,mx02.thalesgroup.com.,Outro
Cristina Fabiano,cristina@opto.com.br,Opto Eletrônica S.A.,São Carlos /SP,mx2.seguromail.com.br.,Outro
Luiz Sérgio Bueno de Mattos,luiz_mattos@orica.com,Orica Brasil Ltda.,Lorena /SP,mxb-002d8e01.gslb.pphosted.com.,Corporativo Protegido
Cristina,ortocir@ortocir.com.br,Ortocir Ortopedia Cirurgia Ltda.,São Paulo /SP,mx.a.locaweb.com.br.,Locaweb
Marcos,ortomedic@ortomedic.com.br,Ortomedic Distribuidora de Implantes Ortopédicos Ltda.,São Bernardo do Campo /SP,email3.acessabrasil.com.br.,Outro
Marcos Orlandele,orlandeli@osg.com.br,Osg Ferramentas de Precisão Ltda.,São Paulo /SP,osg-com-br.mail.protection.outlook.com.,Microsoft 365
Paula,oswaldocruz@ocq.com.br,Oswaldo Cruz Quimica Ind. e Com. Ltda.,Guarulhos /SP,ocq-com-br.mail.protection.outlook.com.,Microsoft 365
Erwin Herbert Kaufmann,assistec@vedacit.com.br,Otto Baumgart Ind. e Com. S.A.,São Paulo /SP,vedacit-com-br.mail.protection.outlook.com.,Microsoft 365
Patrícia,oximig@oximig.com.br,Oximig Ind. e Com. Ltda.,São Paulo /SP,smtp.google.com.,Google Workspace
Celly,monforte@monforte.com.br,Pacific Imp. Exp. e Com. Ltda.,São Paulo /SP,mx.a.locaweb.com.br.,Locaweb
Edson Farias,edson.farias@panini.com.br,Panini Brasil Ltda.,Barueri /SP,mailservice2.sedoc.it.,Outro
Renato,financeiro@alumaq.com.br,Parabor Ltda.,Campinas /SP,alumaq-com-br.mail.protection.outlook.com.,Microsoft 365
Marcos Silveira,marcos.silveira@pavax.com.br,Pavax Com. e Representação Ltda.,Barueri /SP,pavax-com-br.mail.protection.outlook.com.,Microsoft 365
Rodrigo Babeto,rodrigo@pecompe.com.br,Pe com Pe Calçados Ltda.,Birigüi /SP,mia1-load.ecomphost.com.br.,Outro
Paulo Crespo,paulocrespo@arinox.com.br,Pelkote Ind. e Com. de Papéis Ltda.,São Paulo /SP,arinox-com-br.mail.protection.outlook.com.,Microsoft 365
Natalia Pires / Dalton Umeara,np@metrohm.com.br,Pensalab Equipamentos Industriais Ltda.,São Paulo /SP,metrohm-com-br.mail.protection.outlook.com.,Microsoft 365
Fernando Jose de Lima,penzel@penzel.com.br,Penzel Comercio Exterior Ltda,Sao Paulo /SP,mx.b.locaweb.com.br.,Locaweb
Luiz Henrique Santos Costa,info@peribrasil.com.br,Peri Formas e Escoramentos Ltda.,Carapicuiba /SP,custmx.cscdns.net.,Outro
Edilson Dominicheli,edilson.dominicheli@pertech.com.br,Pertech do Brasil Ltda.,São Bernardo do Campo /SP,fallbackmx.eveocloud.com.,Outro
Sergio Zini,vendas.peroxidos@solvay.com,Peróxidos do Brasil Ltda.,São Paulo /SP,solvay-com.mail.protection.outlook.com.,Microsoft 365
Pedro da Rocha Roquete,petrom@petrom.com.br,Petrom - Petroquímica Mogi das Cruzes S/A,Mogi das Cruzes /SP,petrom-com-br.mail.protection.outlook.com.,Microsoft 365
Leticia,phytoessence@uol.com.br,Phytoessence Fragâncias Ltda. Me,Osasco /SP,mx.uol.com.br.,UOL/Terra
Mara,importacao@pic-web.com.br,PIC Química e Farmacêutica Ltda.,Itapevi /SP,mxa-006a7e01.gslb.pphosted.com.,Corporativo Protegido
Paula,paula@pilarquimica.com.br,Pilar Química do Brasil Ltda.,Aracariguama /SP,pilarquimica-com-br.mail.protection.outlook.com.,Microsoft 365
Marco Antonio Oliveira,oliveira@tigre.com.br,Pincéis Tigre S.A.,São Paulo /SP,tigre-com-br.mail.protection.outlook.com.,Microsoft 365
Carlos Zanelatto,piovan@piovan.com.br,Piovan do Brasil Ind. e Com. Ltda.,Osasco /SP,piovan-com-br.mail.protection.outlook.com.,Microsoft 365
Nilton Antonialli,fernando.fernandes@placo.com.br,Placo do Brasil Ltda.,Mogi das Cruzes /SP,mx.jk.locaweb.com.br.,Locaweb
Dovania,importacao@plantdefender.com.br,Plant Defender Tecnologia Agrícola Ltda.,Limeira /SP,plantdefender-com-br.mail.protection.outlook.com.,Microsoft 365
Everson Targas,export@plasutil.com.br,Plasutil - Ind. e Com. de Plásticos Ltda.,Bauru /SP,mx.spamexperts.com.,Outro
Nádia de Oliveira,plastipak@plastipak.com.br,Platipak Packaging do Brasil Ltda.,Paulínia /SP,mxa-0016c802.gslb.pphosted.com.,Corporativo Protegido
Geraldo Mendonça,plpcoml@plpbrasil.com.br,Plp - Produtos para Linhas Preformados Ltda.,São Paulo /SP,mail.plp.com.br.,Outro
Sergio Ioshio Sassaki Beppu,poli@polinutri.com.br,Poli-nutri Alimentos Ltda,Osasco /SP,polinutri-com-br.mail.protection.outlook.com.,Microsoft 365
Agnaldo Victor Fafarro,polo@traex.com.br,POLO COMERCIO INTERNACIONAL LTDA,São Paulo /SP,traex-com-br.mail.protection.outlook.com.,Microsoft 365
Erika Werneck de Castro,vendas@polyclip.com.br,Poly Clip System Ltda.,Guarulhos /SP,polyclip-com-br.mail.protection.outlook.com.,Microsoft 365
Flavio,flavio@tovani.com.br,Polyfit Ind. e Com. Ltda.,São Paulo /SP,tovani-com-br.mail.protection.outlook.com.,Microsoft 365
Gino Chiapetta,gino.chiapetta@polynt.com,Polynt Composites Brazil Ltda.,Taboão da Serra /SP,polynt-com.mail.protection.outlook.com.,Microsoft 365
Mauro Majerowicz,mauro@polyorganic.com.br,Polyorganic Tecnologia Ltda.,São Paulo /SP,polyorganic-com-br.mail.protection.outlook.com.,Microsoft 365
Marcos,marcos@pomarnovo.com.br,Pomar Novo Imp. e Exp. Ltda.,São Paulo /SP,pomarnovo.com.br.,Outro
Adalberto de Oliveira Bento,exportacao@jazam.com.br,Pompéia S.A. Ind. e Com. - Jazam Alimentos,Pompéia /SP,jazam-com-br.mail.protection.outlook.com.,Microsoft 365
Hoover de Oliveira Urbano Jr,compras@porcher.com.br,Porcher do Brasil Tecidos de Vidro Ltda.,Itu /SP,porcher-com-br.mail.protection.outlook.com.,Microsoft 365
Carlos,cabottini@portofinobrasil.com.br,Portofino Ind. e Com. de Plásticos Ltda.,São Paulo /SP,mx.jk.locaweb.com.br.,Locaweb
Carlos Lima,carlos.lima@aromat.com.br,Prime do Brasil Ind. e Com. de Produtos Químicos Ltda.,São Bernardo do Campo /SP,antispam03.pensomail.com.br.,Outro
Edmilson Ferreira,schin@schincariol.com.br,Primo Schincariol Ind. de Cervejas e Refrigerantes S.A.,Itu /SP,schincariol-com-br.mail.protection.outlook.com.,Microsoft 365
Lucia Pestana,tintas@printcor.com.br,Printcor Ind. e Com. de Tintas e Vernizes Ltda.,Diadema /SP,alt3.aspmx.l.google.com.,Google Workspace
Antonio Ferreira Da Silva,proar@proar-aviacao.com.br,Proar - Aeronaves e Revisões Ltda.,São Paulo /SP,mx.b.locaweb.com.br.,Locaweb
Valdir Borges,borges.v@pg.com,Procter e Gamble Industrial e Comercial Ltda.,São Paulo /SP,mx0b-0019c602.pphosted.com.,Corporativo Protegido
Carlos Muller,metaltex@metaltex.com.br,Produtos Eletrônicos Metaltex Ltda.,São Paulo /SP,mx.core.locaweb.com.br.,Locaweb
Bruno Araújo,bruno.araujo@prolind.com.br,Prolind Indl. Ltda.,São Jose dos Campos /SP,mail1.prolind.com.br.,Outro
Geovana,promat@promat.com.br,Promat Indústria e Comércio Ltda.,São Paulo /SP,mx2.titan.email.,Outro
Joel,jppereira@psitecnologia.com.br,Psi Tecnologia Ltda.,São Paulo /SP,mx.b.locaweb.com.br.,Locaweb
Valter Munhões,cmunhoes@pticorp.com.br,Pti Power Tansmission Industries do Brasil S.A.,São Paulo /SP,mx.core.locaweb.com.br.,Locaweb
Fabio Sousa,purolite@purolite.com.br,Purolite do Brasil Ltda.,São Paulo /SP,mx.b.locaweb.com.br.,Locaweb
Aparecido Sandre,qg@qginox.com.br,Q.G. Ind.e Comércio de Acessórios Industriais Ltda.,São Paulo /SP,qginox-com-br.mail.protection.outlook.com.,Microsoft 365
Andréa,quimanil@quimanil.com.br,Quimanil Produtos Químicos Ltda.,São Paulo /SP,mx.b.locaweb.com.br.,Locaweb
Nelson Junqueira,quirios@quirios.com.br,Quirios Produtos Químicos Ltda.,São Paulo /SP,quirios-com-br.mail.protection.outlook.com.,Microsoft 365
Daniel Saieg Wolkind,realum@realum.com.br,Realum Ind. e Com. Ltda.,São Paulo /SP,realum-com-br.mail.protection.outlook.com.,Microsoft 365
Juan Rodriguez,jrodriguez@redilembalagens.com.br,Redil Com. Imp. e Exp. de Embalagens Ltda.,Campinas /SP,mx.redilembalagens.com.br.,Outro
Rogerio Franceschelli,compras@salcisne.com.br,Refinaria Nacional de Sal S.A. - Sal Cisne,São Paulo /SP,salcisne-com-br.mail.protection.outlook.com.,Microsoft 365
Alexandre Germuts,germuts@rehau.com.br,Rehau Ind. Ltda.,Cotia /SP,mxa-005f6b03.gslb.pphosted.com.,Corporativo Protegido
Marcia Amaral,reliance.comercial@terra.com.br,Reliance Comercial Ltda.,Barueri /SP,mx.terra.com.br.,UOL/Terra
João Carlos Vianna de Amorim,renkzanini@highnet.com.br,Renk Zanini S.A. Equipamentos Industriais,Cravinhos /SP,route3.mx.cloudflare.net.,Outro
Antonio,reprochem@reprochem.com.br,Reprochem Ind. e Com. Ltda.,São Paulo /SP,mail.reprochem.com.br.,Outro
Debora Prado Carnevale,requenaimpot@uol.com.br,Requena Comercial e Importadora Ltda,Sao Paulo /SP,mx.uol.com.br.,UOL/Terra
Adelino José Araujo,comex@resil.com.br,Resil Comercial Industrial Ltda.,Diadema /SP,resil-com-br.mail.protection.outlook.com.,Microsoft 365
Emily ou Giovana,compras@br-ercagroup.com,Rhodia Industria Quimica Ltda,Itatiba /SP,ASPMX.L.GOOGLE.com.,Google Workspace
Lucélia Soares,comex@rhotoplas.com.br,Rhotoplas Ind. e Com. de Embalagens Ltda.,Barueri /SP,rhotoplas-com-br.mail.protection.outlook.com.,Microsoft 365
João Almeida Sobrinho,picpic@riberball.com.br,Riberball Mercantil e Industrial Ltda.,Ribeirão Preto /SP,riberball-com-br.mail.protection.outlook.com.,Microsoft 365
Mauricio,ricargraf@ricargraf.com.br,Ricargraf Gráfica e Editora Ltda,Cotia /SP,mx-vip-01.kinghost.net.,KingHost
David Remsen,cmendes@rich.com,Rich do Brasil Ltda,Sao Paulo /SP,mxa-00192701.gslb.pphosted.com.,Corporativo Protegido
Jorge Botossi,jorgeb@moinhosantaclara.com.br,Richard Saigh Indústria e Comércio S.A.,São Caetano Do Sul /SP,moinhosantaclara-com-br.mail.protection.outlook.com.,Microsoft 365
Enio Guedes,enio@rell.com,Richardson Electronics do Brasil Ltda.,São Paulo /SP,us-smtp-inbound-1.mimecast.com.,Corporativo Protegido
Antônio Romualdo da Silva,expo@riclan.com.br,Riclan S.A.,Rio Claro /SP,mx2.riclan.com.br.,Outro
Fernando Foramilio (SCM),jose.teixeira@rittal.com.br,Rittal Sistemas Eletromecanicos Ltda.,São Paulo /SP,mxb-00648302.gslb.pphosted.com.,Corporativo Protegido
Milton Zaven,milton.zaven@ropecas.com.br,Ro-Peças Rolamentos e Mancais Ltda.,São Paulo /SP,mx.uhserver.com.,Outro
Elisa,elisa@ogura.com.br,Rojemac Imp. e Exp. Ltda.,Indaiatuba /SP,ogura.com.br.,Outro
Vanessa,imp.exp.@cbfcorp.com.br,Rolamentos CBF Ltda.,São Paulo /SP,cbfcorp-com-br.mail.protection.outlook.com.,Microsoft 365
Cristina,financeiro@rolemak.com.br,Rolemak Coml. Ltda.,São Paulo /SP,alt2.aspmx.l.google.com.,Google Workspace
Érika Rosa,vendas@rdt.com.br,Rosenberger Domex Telecomunicações Ltda.,São Jose dos Campos /SP,rdt-com-br.mail.protection.outlook.com.,Microsoft 365
Cristine Rodrigues,rossetmaq@terra.com.br,Rosset Com. de Máquinas Gráficas Ltda.,São Paulo /SP,mx.terra.com.br.,UOL/Terra
Francisco Augusto Redondo,rosset@ibm.net,Rosset e Cia. Ltda.,São Paulo /SP,.,Outro
Katia,rotatek@rotatek.com.br,Rotatek Brasil Equipamentos Gráficos Ltda.,Barueri /SP,mx.core.locaweb.com.br.,Locaweb
Ivone,ivone@bombasrowa.com,Rowa do Brasil Comercial de Bombas Ltda.,São Paulo /SP,bombasrowa-com.mail.protection.outlook.com.,Microsoft 365
Manfredini,manfredini@royalcanin.com.br,Royal Canin do Brasil Ind. e Com. Ltda.,Descalvado /SP,royalcanin-com-br.mail.protection.outlook.com.,Microsoft 365
Daniela,royce@royce.com.br,Royce Connect Ar Condicionado para Veículos Ltda.,Santo André /SP,mx.mailcorp.com.br.,Outro
Jose Dias Martins Pereira,milena@rtl.com.br,Rpl Rolamentos Paulista Ltda.,São Paulo /SP,mx.jk.locaweb.com.br.,Locaweb
Antonio I. de Assis,export@rud.com.br,Rud Correntes Industriais Ltda.,Mogi das Cruzes /SP,ALT2.ASPMX.L.GOOGLE.COM.,Google Workspace
Reinaldo José Marques,saargummi@saargummi.com.br,Saargummi do Brasil Ltda.,São Bernardo do Campo /SP,mx.mailcorp.com.br.,Outro
Hans Henrik Knudsen,hans@saccobrasil.com.br,Sacco Comercio Importação e Exportação de Alimentos Ltda,Campinas /SP,saccobrasil-com-br.mail.protection.outlook.com.,Microsoft 365
Gislene Vilalva,sacmi@sacmi.com.br,Sacmi do Brasil Ind. e Com. Ltda.,São Paulo /SP,sacmi-com-br.mail.protection.outlook.com.,Microsoft 365
Antonio Hideo Hiroki,sakata@sakata.com.br,Sakata Seed Sudamerica Ltda.,Bragança Paulista /SP,mx1-us1.ppe-hosted.com.,Outro
Jones Carlos Louback,sampla@sampla.com.br,Sampla do Brasil Ind. e Com. de Correias Ltda.,São Paulo /SP,sampla-com-br.mail.protection.outlook.com.,Microsoft 365
Renato Gianette,brasil@samputensili.com.br,Samputensili do Brasil Ltda.,Jundiaí /SP,mx.a.locaweb.com.br.,Locaweb
Francisco Cortez / Carlos Aquino,atendimento@samsonite.com.br,Samsonite Brasil Ltda.,São Paulo /SP,mx2.improvmx.com.,Outro
Neiva,ncimas@sancordobrasil.com.br,Sancor do Brasil Produtos Alimentícios Ltda,Barueri /SP,sancordobrasil-com-br.mail.protection.outlook.com.,Microsoft 365
Pedro Mesquitella Macedo,vendas@santher.com.br,Santher Fábrica de Papel Santa Therezinha S.A.,São Paulo /SP,santher-com-br.mail.protection.outlook.com.,Microsoft 365
Milton Jun Nakashima,sanyotex@sanyotex.com.br,Sanyotex Ltda. .,São Paulo /SP,aspmx.l.google.com.,Google Workspace
Rogerio de Medeiros,rogerio@sarfam.com.br,Sarfam Comercial Importadora Ltda,Sao Paulo /SP,mx1.hostinger.com.br.,Outro
Leandro / Bruna,savasa@savasa.com.br,Savasa Impressores Ltda.,Mogí das Cruzes /SP,savasa-com-br.mail.protection.outlook.com.,Microsoft 365
Priscila Prado,sbs@sbs.com.br,Sbs - Special Book Services Livraria Ltda.,São Paulo /SP,mx-ha.emailemnuvem.com.br.,Outro
Gerson W. P. Barreto,scandiflex@scandiflex.com.br,Scandiflex do Brasil S.A. Indústrias Químicas,Mauá /SP,mx.uhserver.com.,Outro
Gisene,gcoimbra@scholle.com,Scholle Ltda.,Vinhedo /SP,scholle-com.mail.protection.outlook.com.,Microsoft 365
Maristela Castro,sgb.compra@schott.com,Schott Glaverbel do Brasil Ltda.,Indaiatuba /SP,schott-com.mail.protection.outlook.com.,Microsoft 365
Raimundo Brant,mlopes@schrader.com.br,Schrader Bridgeport Brasil Ltda.,Jacareí /SP,schrader-com-br.mail.protection.outlook.com.,Microsoft 365
Rose Franca,rfranca@primedobrasil.com.br,Schulz Bc - Equipamentos e Acessórios Tubulares Ltda.,Mauá /SP,mx1.titan.email.,Outro
Hanna Joetten,schunk@schunk.com.br,Schunk do Brasil Sinterizados e Eletrografites Ltda.,Cotia /SP,schunk-com-br.mail.protection.outlook.com.,Microsoft 365
Rodrigo Esteves,r.esteves@vasitex.com.br,Schutz Vasitex Indústria de Embalagens S.A.,Guarulhos /SP,vasitex-com-br.mail.protection.outlook.com.,Microsoft 365
Angela,angela@selinc.com,Sealed Air Embalagens Ltda.,Campinas /SP,selinc-com.mail.protection.outlook.com.,Microsoft 365
Fernando,secafe@secafe.com.br,Secafe Cortes e Artefatos de Arame Ltda.,São Paulo /SP,mx30.birdsnet.com.br.,Outro
Christian Pfister,secur@secur.com.br,Secur-Comercial Importadora e Exportadora Ltda.,São Paulo /SP,ALT1.ASPMX.L.GOOGLE.COM.,Google Workspace
Cláudia Machia,selco@asatnet.com.br,Selco Vedações Dinâmicas Ltda.,São Bernardo do Campo /SP,araponga.birdsnet.com.br.,Outro
Adenilson Antonio dos Santos,adenilson@selectchemie.com.br,Selectchemie Importação Exportação e Representações Ltd,Sao Paulo /SP,selectchemie-com-br.mail.protection.outlook.com.,Microsoft 365
Gregório de Nadai Filho,selene@selene.com.br,Selene Ind. Têxtil S.A.,Cerquilho /SP,mx2.selene.com.br.,Outro
Ngan Hiu Chun,nelson.impex@semptoshiba.com.br,Semp Toshiba S.A.,São Paulo /SP,semptoshiba-com-br.mail.protection.outlook.com.,Microsoft 365
Antônio Augusto Vaz,senior@dialdata.com.br,Senior do Brasil Ltda.,Araçariguama /SP,mx.claramail.com.br.,Outro
Heitor de Piratininga,rcecco@sensormatic.com.br,Sensormatic do Brasil Eletrônica Ltda.,Barueri /SP,alt4.aspmx.l.google.com.,Google Workspace
Edenir Andrade,serac@uol.com.br,Serac do Brasil Ind. e Com. Ltda.,Osasco /SP,mx.uol.com.br.,UOL/Terra
Alexandre Camargo,ines.rodrigues@seral.com.br,Seral do Brasil S.A. Ind. Metalúrgica,Osasco /SP,.,Outro
Benito Reinaldo Pajaro,compras2@sesisenaisp.org.br,Servico Nacional de Aprendizagem Industrial,São Paulo /SP,sesisenaisp-org-br.mail.protection.outlook.com.,Microsoft 365
Adriana Benati,a.benati@sestini.com.br,Sestini Mercantil Ltda.,São Paulo /SP,sestini-com-br.mail.eo.outlook.com.,Microsoft 365
Fernando,financeiro@sfera.com.br,Sfera Comercial e Importadora Ltda,Sao Paulo /SP,m04.hiway.com.br.,Outro
Karla Gomes,kgomes@sgtecnologia.com.br,Sg Tecnologia Clinica Ltda.,Sao Paulo /SP,sgtecnologia-com-br.mail.protection.outlook.com.,Microsoft 365
Daniela Parazi,dparazi@sicad.com.br,Sicad do Brasil Fitas Auto Adesivas Ltda.,Capivari /SP,mx02.sicadgroup.com.,Outro
Marilia Signorini Arbulu,marilia@siegling.com.br,Siegling Brasil Elem. de Transmissão e de Transporte Ltda.,Itapevi /SP,mail.siegling.com.br.,Outro
Florêncio Félix,florencio.felix@sig.biz,Sig Pack Ltda.,Barueri /SP,sig-biz.mail.protection.outlook.com.,Microsoft 365
Patrícia Santos,signodebrasileira@signode.com.br,Signode Brasileira Ltda,Cabreúva /SP,mxa-00763f01.gslb.pphosted.com.,Corporativo Protegido
Osanir Lima,limao@silberline.com.br,Silberline Brasil Ltda.,São Paulo /SP,.,Outro
Fernanda,simcomaq@uol.com.br,Simco Com. Imp. Exp. de Máquinas Ltda.,Campinas /SP,mx.uol.com.br.,UOL/Terra
Henrique,sintenac@sintenac.com.br,Sintenac Ind. e Com. de Produtos Sintéticos Ltda.,Diadema /SP,mx.jk.locaweb.com.br.,Locaweb
Mara Lucas,vendas@sintexlaminados.com.br,Sintex Laminados Sintéticos Ltda.,Boraceia /SP,fallbackmx.spamexperts.eu.,Outro
Maria Conceicao Ferracine,diretoria@siti.com.br,Siti S.A. Soc. de Instalaçoes Termoelétricas Industriais,Mogi Guacu /SP,siti-com-br.mail.protection.outlook.com.,Microsoft 365
Leandro Lopes Ferreira,marketing@siva.com.br,Siva Ind. e Com. de Artefatos de Arame e Aço Ltda.,Itaquaquecetuba /SP,siva-com-br.mail.protection.outlook.com.,Microsoft 365
Helena Beatriz,helenabeatriz.tiburcio@sleever.com.br,Sleever International Ltda.,São Paulo /SP,sleever.com.br.,Outro
Beatriz Tirado,btirado@johncrane.com,Smiths Brasil Ltda.,Rio Claro /SP,johncrane-com.mail.protection.outlook.com.,Microsoft 365
Rosana Leonardo,snd@snd.com.br,SND Distribuição de Produtos de Informática Ltda.,Barueri /SP,snd-com-br.mail.protection.outlook.com.,Microsoft 365
Renato Martinelli,export@invictaonline.com.br,Sobral Invicta S.A.,São Paulo /SP,invictaonline-com-br.mail.protection.outlook.com.,Microsoft 365
Marisa Garcia,mgarcia@sbb.org.br,Sociedade Bíblica do Brasil,Barueri /SP,sbb-org-br.mail.protection.outlook.com.,Microsoft 365
Margareth Matsumoto,toyota_tsusho@toyotsu.com.br,Sociedade Comercial Toyota Tsusho do Brasil Ltda.,São Paulo /SP,mxa-002f0901.gslb.pphosted.com.,Corporativo Protegido
Marly Aparecida De Lima,client@samaritano.com.br,Sociedade Hospital Samaritano,São Paulo /SP,samaritano-com-br.mail.protection.outlook.com.,Microsoft 365
Daniela,compras@dac.com.br,Sociedade Industrial de Plásticos Dac Ltda.,Guarulhos /SP,dac-com-br.mail.protection.outlook.com.,Microsoft 365
David Oksman,doksman@sogefi.com.br,Sogefi Ind. de Autopeças Ltda.,São Bernardo do Campo /SP,mx1.titan.email.,Outro
Paula,paula@solupack.com.br,Solupack Sistemas de Embalagens Ltda.,Cotia /SP,solupack-com-br.mail.protection.outlook.com.,Microsoft 365
Moacir Kasuo Matsuda,soma.regina@attglobal.net,Soma Soluções Magnéticas Ind. e Com. Ltda.,Ribeirão Pires /SP,mx3c45.carrierzone.com.,Outro
Marcelo Palacius,someco@someco.com.br,Someco Ind. Com. Imp. e Exp. Ltda.,São Paulo /SP,aspmx2.googlemail.com.,Google Workspace
Cláudio Alves,claudio.alves@bertelsmann.de,Sonopress - Rimo Ind. e Com. Fonográfica Ltda.,São Paulo /SP,bertelsmann-de.mail.protection.outlook.com.,Microsoft 365
Paulo Garcia,import@staner.com.br,Sonotec Eletrônica Ltda.,Presidente Prudente /SP,mx-ha.skymail.net.br.,Outro
Edmundo Damian Faibro,info@spectrun.com.br,Spectrun Bio Engenharia Medica Hospitalar Ltda,Sao Paulo /SP,spectrun-com-br.mail.protection.outlook.com.,Microsoft 365
Edgardo Rivero,edgardo@spiderimport.com.br,Spider Import Comercio Importação e Exportação Ltda,Sao Paulo /SP,mail.spiderimport.com.br.,Outro
Kimiko Yabase,spraybr@mandic.com.br,Spraying Systems do Brasil Ltda.,São Paulo /SP,mx.claramail.com.br.,Outro
Lílian Santos,stamptec@stamptec.com.br,Stamptec Ind. e Com. de Peças Estampadas Ltda.,São Paulo /SP,mail.stamptec.com.br.,Outro
Ana Carolina Vilela,carol@staracer.com.br,Star Racer Brasil Ltda.,Cacapava /SP,mx.a.locaweb.com.br.,Locaweb
Valter Neres Toro,comercial@starkbr.com.br,Stark do Brasil Ltda.,São Paulo /SP,mx1.hostinger.com.,Outro
Antonio Mendes,starkey@starkey.com.br,Starkey do Brasil Ltda.,Campinas /SP,starkey-com-br.mail.protection.outlook.com.,Microsoft 365
Paulo,paulo.barreto@stauffbrasil.com,Stauff Brasil Ltda.,São Paulo /SP,stauff-com.mail.protection.outlook.com.,Microsoft 365
Priscila,adm.comex@steck.com.br,Steck Industria Elétrica Ltda,Sao Paulo /SP,steck-com-br.mail.protection.outlook.com.,Microsoft 365
Fabiana Alves,falves@steelcase.com.br,Steelcase Com. de Móveis Ltda.,São Paulo /SP,.,Outro
Silvia Andrade,stockval@stockval.com.br,Stockval Tecno Comercial Ltda.,São Paulo /SP,stockval-com-br.mail.protection.outlook.com.,Microsoft 365
Robert Josephe,stoller@stoller.com.br,Stoller do Brasil Ltda.,Cosmopolis /SP,stoller-com-br.mail.protection.outlook.com.,Microsoft 365
Wagner Perez,wagner.perez@stork.com,Stork Prints Brasil Ltda.,Piracicaba /SP,stork-com.mail.protection.outlook.com.,Microsoft 365
Scyla,funpec@funpec.br,Straumann Brasil Ltda.,São Paulo /SP,ASPMX.L.GOOGLE.COM.,Google Workspace
Fernando Cardoso,fcardoso@cutrale.com.br,Sucocítrico Cutrale Ltda.,Araraquara /SP,d139532a.ess.barracudanetworks.com.,Corporativo Protegido
Edson Takahashi,sulzer.brasil@sulzer.com,Sulzer Brasil S.A.,São Bernardo do Campo /SP,sulzer-com.mail.protection.outlook.com.,Microsoft 365
Dinny,dinny@sunguider.com.br,Sunguider Incorporadora e Com. Exterior Ltda.,São Paulo /SP,mx.mailcorp.com.br.,Outro
Luiz Nishikawa,marcos@sunnyvale.com.br,Sunnyvale Comércio e Representações Ltda.,São Paulo /SP,sunnyvale-com-br.mail.protection.outlook.com.,Microsoft 365
Cadu,cadu.dalla@nunhems.com,Sunseeds Ltda.,Campinas /SP,smtpmx06.bayer.de.,Outro
Tieco,sunset_imp@uol.com.br,Sunset Importação e Exportação Ltda,Aruja /SP,mx.uol.com.br.,UOL/Terra
Margarete Constâncio Spinelli,margarete@br.surtec.com,Surtec do Brasil Ltda.,São Bernardo Do Campo /SP,br.surtec.com.,Outro
Elizabete Mota,elizabete.mota@sweetmix.com.br,Sweetmix Ind. Com. Imp. e Exp. Ltda.,Sorocaba /SP,sweetmix-com-br.mail.protection.outlook.com.,Microsoft 365
Wagner Bonfim,wagner.bonfim@syngenta.com,Syngenta Seeds Ltda.,São Paulo /SP,eu-smtp-inbound-1.mimecast.com.,Corporativo Protegido
Elaine,adm@systecmetal.com.br,Systec Metalúrgica Ltda.,Vinhedo /SP,mx-vip-02-farm64.kinghost.net.,KingHost
Fausto Cenedezi,atendimento@graficadigitalsaofrancisco.com.br,São Francisco Gráfica e Editora Ltda.,Ribeirão Preto /SP,pro121.dnspro.com.br.,Outro
Helio Galheta,hgalheta@taegubrasil.com.br,Taegutec do Brasil Ltda.,São Paulo /SP,taegubrasil-com-br.mail.protection.outlook.com.,Microsoft 365
Laura,laurak@takasago.com.br,Takasago Fragrâncias e Aromas Ltda.,Diadema /SP,.,Outro
Maina Miaoka,tanquimica@uol.com.br,Tanquímica Ind. e Com. Ltda.,Diadema /SP,mx.uol.com.br.,UOL/Terra
Clayton ou Dagoberto,import@tapetessaocarlos.com.br,Tapetes São Carlos Ltda.,São Carlos /SP,tapetessaocarlos-com-br.mail.protection.outlook.com.,Microsoft 365
José Carlos Muller,juntas@taranto.com.br,Taranto Comercial Importadora e Exportadora Ltda.,São Paulo /SP,taranto-com-br.mail.protection.outlook.com.,Microsoft 365
Rui Messias Barbosa,task@taskimpex.com.br,Task de Representação Imp. e Exp. Ltda.,São Paulo /SP,taskimpex-com-br.mail.protection.outlook.com.,Microsoft 365
Lúcia Nali,juntas@teadit.com.br,Teadit Juntas Ltda.,Campinas /SP,teadit-com-br.mail.protection.outlook.com.,Microsoft 365
Fernanda,fernanda@cliptech.com.br,Tecflux Ltda.,Itupeva /SP,alt3.aspmx.l.google.com.,Google Workspace
Karla Lohaus,klohaus@technifor.com.br,Technifor Pictor Ltda.,São Paulo /SP,mx.b.locaweb.com.br.,Locaweb
Da Sian Shih,dasian@multitoc.com.br,Tel Telecomunicações e Eletrônica Ltda.,São Paulo /SP,mx.core.locaweb.com.br.,Locaweb
Marco Szili,rsantana@telesystem.it,Tele System Electronic do Brasil Ind. e Com. Ltda.,São Paulo /SP,antispam.activevr.it.,Outro
Luiz Antônio Vicentini,vicentini@tilibra.com.br,Telebrás S.A. Produtos de Papelaria,Bauru /SP,mxb-002d6e01.gslb.pphosted.com.,Corporativo Protegido
Srº Nassi,telmac@telmac.com.br,Telmac Comércio Importação e Exportação Ltda.,Ribeirão Preto /SP,telmac-com-br.mail.protection.outlook.com.,Microsoft 365
Antonio Severini,antonio.severini@terra.com.br,Tenda Atacado Ltda.,Guarulhos /SP,mx.terra.com.br.,UOL/Terra
Claudio Roberto de Araujo,export@termomecanica.com.br,Termomecânica São Paulo S.A.,São Bernardo do Campo /SP,mx1.hc5572-47.iphmx.com.,Outro
Harue Kajikawa,suzano@tessin.com.br,Tessin Ind. e Com. Ltda.,Suzano /SP,mx.uhserver.com.,Outro
André Trazzi,andre.trazzi@tetralon.com.br,Tetralon Ind e Com de Equipamentos Industriais Ltda.,São Paulo /SP,tetralon-com-br.mail.protection.outlook.com.,Microsoft 365
Andrea de Lima,importexport@texfyt.com.br,Texfyt Ind. e Com. Ltda.,Santa Bárbara D'Oeste /SP,mx.texfyt.com.br.,Outro
Adriano Peres Barbosa,abarbosa@valspar.com.br,The Valspar Corporation Ltda.,São Bernardo do Campo /SP,emhost64.sherwin.com.,Outro
Raimundo Duranhaes Neto,netomrtie@terra.com.br,Tie e Shirts Indústriam e Comércio Importação e Exportação Ltda.,São Paulo /SP,mx.terra.com.br.,UOL/Terra
Adriana de Godoi,adriana.godoi@tirreno.com.br,Tirreno Ind. e Com. de Produtos Químicos Ltda.,Diadema /SP,tirreno-com-br.mail.protection.outlook.com.,Microsoft 365
Tamas,tiv@uol.com.br,Tiv Plásticos Ltda.,Sao Bernardo do Campo /SP,mx.uol.com.br.,UOL/Terra
Célia K. Campos,ckcampos@tmdfriction.com.br,TMD Friction do Brasil SA,Indaiatuba /SP,_dc-mx.947348a01213.tmdfriction.com.br.,Outro
Rogerio Forlani,exp@toledobrasil.com.br,Toledo do Brasil Ind. de Balanças Ltda.,São Paulo /SP,toledobrasil-com-br.h-v1.mx.microsoft.,Microsoft 365
Marcos Rego,marcos.rego@totalbr.com.br,Total Lubrificantes do Brasil Ltda.,Pindamonhangaba /SP,totalbr-com-br.mail.protection.outlook.com.,Microsoft 365
Andréa,andrea@toyomatic.com.br,Toyo Matic Com. e Ind. de Máquinas Ltda.,Bragança Paulista /SP,toyomatic.com.br.,Outro
Elaine,vendas@toyoda.com.br,Toyoda Koki do Brasil Ind. e Com. de Máquinas Ltda.,São Paulo /SP,mx.toyoda.com.br.,Outro
Mario Matsumoto,exportacao@tradbras.com.br,Tradbras S/A,São Paulo /SP,echo-relay.mxrouting.net.,Outro
Cristina,vendas@transcor.com.br,Transcor Ind. de Pigmentos e Corantes Ltda.,Diadema /SP,mail.totalwork.com.br.,Outro
Francisco Fontenele,tredegar@uol.com.br,Tredegar Brasil Ind. de Plásticos Ltda.,Diadema /SP,mx.uol.com.br.,UOL/Terra
Eduardo,eduardo@tum.com.br,Trefilação União de Metais S.A.,São Bernardo do Campo /SP,araponga.birdsnet.com.br.,Outro
Rafaela,rafaela@trelleborg.com.br,Trelleborg do Brasil Ltda.,Lençóis Paulista /SP,mail.trelleborg.com.br.,Outro
Rita Bueno,rita@trisoft.com.br,Trisoft Têxtil Ltda.,Itapevi /SP,mx.zoho.com.,Outro
Debora Lima,debora.lima@trumpf.com.br,Trumpf Máquinas Indústria e Comércio Ltda.,Barueri /SP,_dc-mx.3a1715389fb2.trumpf.com.br.,Outro
Eliane Moreira,eliane.moreira@produquimica.com.br,Tubos Ipiranga Ind. e Com. Ltda.,Suzano /SP,.,Outro
Nelson Theobaldo Ferreira,nelsontf@tuenkers.com.br,Tunkers do Brasil Ltda.,Diadema /SP,tuenkers-com-br.mail.protection.outlook.com.,Microsoft 365
Vera,administrativo@twiltex.com.br,Twiltex Industrias Têxteis Ltda.,São Paulo /SP,twiltex-com-br.mail.protection.outlook.com.,Microsoft 365
Ronaldo,twu@twu.com.br,TWU Com. Serviços Imp. e Exp. Ltda.,São Paulo /SP,.,Outro
Edmundo Carvalho,tyrolit@tyrolit.com.br,Tyrolit do Brasil Ltda.,Cabreúva /SP,mail.tyrolit.com.br.,Outro
Frederic Breyton,telemsa@uol.com.br,Técnicas Eletro Mecânicas Telem S.A.,São Paulo /SP,mx.uol.com.br.,UOL/Terra
Sérgio Dias Teixeira Junior,dalutex.exportacao@terra.com.br,Têxtil Dalutex Ltda.,São Paulo /SP,mx.terra.com.br.,UOL/Terra
Arnaldo,kachani@kachani.com.br,Têxtil Irmãos Kachani Ltda.,São Paulo /SP,mx.core.locaweb.com.br.,Locaweb
Eliseu Pereira,compras.eliseu@uci-farma.com.br,Uci Farma Indústria Farmacêutica Ltda.,São Bernardo Do Campo /SP,mx1.titan.email.,Outro
Ariovaldo Quinzani,rubens@ucr.com.br,UCR BEARING DO BRASIL LTDA,São Paulo /SP,mx.b.locaweb.com.br.,Locaweb
Nilcéia Rishieri,nilceia@uliana.com.br,Uliana Ind. Metalúrgica Ltda.,Suzano /SP,mx.claramail.com.br.,Outro
Raquel Garcia,rgarcia@ulma.com.br,Ulma Brasil Formas e Escoramentos Ltda.,Itapevi /SP,mx.b.locaweb.com.br.,Locaweb
Massanori Kataoka,massanorikataoka@unichem.com.br,Unichem Comércio Importação e Exportação Ltda.,São Paulo /SP,alt3.aspmx.l.google.com.,Google Workspace
Denise,financeiro.denise@unicbrasil.com.br,Unicmaq Brasil Comércio de Máquinas e Instrumentos Ltda.,Vinhedo /SP,aspmx.l.google.com.,Google Workspace
Luciana Ikuno,unicoba@unicoba.com.br,Unicoba Imp. e Exportação Ltda.,São Paulo /SP,unicoba-com-br.mail.protection.outlook.com.,Microsoft 365
Luis Carlos Simão,leo@unifrax.com.br,Unifrax Brasil Ltda.,Vinhedo /SP,mxb-00177901.gslb.pphosted.com.,Corporativo Protegido
Roberto Laurindo,roberto.laurindo@unikap.com.br,Unikap do Brasil Ind. e Com. de Plásticos Ltda.,São Bernardo do Campo /SP,unikap-com-br.mail.protection.outlook.com.,Microsoft 365
Bruno,bruno@unimaq.com.br,Unimaq Jaboticabal Máquinas Operatrizes Ltda. - Me,Jaboticabal /SP,unimaq.com.br.,Outro
Rute Santos,rute.santos@usbr.com.br,Uninetimaging do Brasil Coml. Ltda.,Ribeirão Pires /SP,.,Outro
Luciana Ikuno,likuno@unicoba.com.br,Uniplen Indústria de Polímeros Ltda.,Diadema /SP,unicoba-com-br.mail.protection.outlook.com.,Microsoft 365
Luiz Macedo,luiz.macedo@tubosipiranga.com.br,United Medical Ltda.,São Bernardo do Campo /SP,mli-mx01.prod.ce.mlicloud.com.,Outro
Rodrigo Delfino De Lima,unival@unival.com.br,Unival Comércio de Válvulas e Acessórios Industriais Ltda.,São Paulo /SP,unival-com-br.mail.protection.outlook.com.,Microsoft 365
Aparecida Rosa,uig.jdi@terra.com.br,Universal Indústrias Gerais Ltda.,São Paulo /SP,mx.terra.com.br.,UOL/Terra
Marcelo Maurano,usinainox@maurano.com.br,Usina Metais Ltda.,São Paulo /SP,maurano-com-br.mail.protection.outlook.com.,Microsoft 365
Euclides J. Rigon,euclides@usiquimica.com.br,Usiquímica do Brasil Ltda.,São Paulo /SP,usiquimica-com-br.mail.protection.outlook.com.,Microsoft 365
Patrícia,import@valdequimica.com.br,Valdequímica Produtos Químicos Ltda.,São Paulo /SP,mx.claramail.com.br.,Outro
Gilson Luehara,gluehara@valvoline.com,Valvoline do Brasil Lubrificantes Ltda.,São Paulo /SP,valvoline-com.mail.protection.outlook.com.,Microsoft 365
Mário Ribeiro de Almeida,bernauer@bernauer.com.br,Ventiladores Bernauer S.A.,São Paulo /SP,bernauer-com-br.mail.protection.outlook.com.,Microsoft 365
Gilberto Rodrigues,ventuno@osite.com.br,Ventuno Produtos Têxteis Ltda.,São Paulo /SP,mx.osite.com.br.,Outro
Mauricio Bufano,monica_d1@verifone.com,Verifone do Brasil Ltda.,São Paulo /SP,verifone-com.mail.protection.outlook.com.,Microsoft 365
Lucia Helena Zardettez,marsulpescados@uol.com.br,Verion Ltda.,São Paulo /SP,mx.uol.com.br.,UOL/Terra
Nilva Gonçalves,nilva@viapol.com.br,Viapol Ltda.,São Paulo /SP,us-smtp-inbound-2.mimecast.com.,Corporativo Protegido
Janice Andrade D'Arts,janice@vibracoustic.com.br,Vibracoustic do Brasil Ltda.,Taubaté /SP,custmx.cscdns.net.,Outro
Caio Rocha,caio.rocha@vick.com.br,Vick Comércio de Plásticos e Metais Ltda.,Carapicuiba /SP,mx-ha.skymail.net.br.,Outro
Leandro,import2@vinci.com.br,Vinci Importadora e Exportadora de Bebidas Ltda.,São Paulo /SP,alt2.aspmx.l.google.com.,Google Workspace
Elisangela,elisangela@vitaliapapeis.com.br,Vitalia Com. de Papéis Ltda.,São Paulo /SP,mx.b.locaweb.com.br.,Locaweb
Odilo Alves,vitrotec@vitrotec.com.br,Vitrotec Vidros de Segurança Ltda.,Campo Limpo Paulista /SP,mx.core.locaweb.com.br.,Locaweb
Lyvia /Ailton,lyvia@vivox.com.br,Vivox Com. Imp. e Exp. Ltda.,São Paulo /SP,mx01.mailserverpro.com.br.,Outro
Luciene,import@vmppapeis.com.br,VMP Papéis para Embalagens Ltda.,Guarulhos /SP,mx.core.locaweb.com.br.,Locaweb
Treice Oliveira,treice.oliveira@veolia.com,VWS Brasil Ltda.,Cotia /SP,alt1.aspmx.l.google.com.,Google Workspace
Cintia Santos,cintia_santos@seton.com,W.H.B.Do Brasil Ltda.,Barueri /SP,smtp.google.com.,Google Workspace
Márcia,marcia@wackermaquinas.com.br,Wacker Máquinas Ltda.,Jundiaí /SP,.,Outro
Maria Cristina Alessio,wagnerlennartz@wagnerlennartz.com,Wagner Lennartz do Brasil Ind. e Com. de Serras Ltda.,Diadema /SP,wagnerlennartz-com.mail.protection.outlook.com.,Microsoft 365
Viviane Ramos,viviane_ramos@waters.com,Waters Technologies do Brasil Ltda.,Barueri /SP,mxa-00333d01.gslb.pphosted.com.,Corporativo Protegido
Karen,rosalito@rosalito.com.br,Web Nordeste Ltda.,Santa Cruz do Rio Pardo /SP,mx-vip-01.uni5.net.,Outro
Priscila,pricilar@weckerle.com.br,Weckerle do Brasil Ltda,Sao Paulo /SP,mx.a.locaweb.com.br.,Locaweb
Sônia Kuabra,weirbrasil@weirbrasil.com.br,Weir do Brasil Ltda.,São Paulo /SP,wbrgru1.weirbrasil.com.br.,Outro
Afonso Celso Cosentino,bonetes@matrix.com.br,Weishaupt do Brasil Ind. e Com. Ltda.,São Paulo /SP,mta03.matrix.com.br.,Outro
Angêla Lopes Mei,angela_lopes_mei@westpharma.com,West Phamaceutical Service Brasil Ltda.,Diadema /SP,westpharma-com.mail.protection.outlook.com.,Microsoft 365
Davi,vendas@farnellnewark.com,Wheaton Brasil Vidros Ltda.,Diadema /SP,smtp01.avnet.com.,Outro
Sheila Regina Ferreira,marketing@wika.com.br,Wika do Brasil Ind. e Com. Ltda.,Ipero /SP,wika-com-br.mail.protection.outlook.com.,Microsoft 365
Liang,liang@willing.com.br,Willing Trading Importação e Exportação Ltda,Santo Andre /SP,.,Outro
Juliana Costa  /  Eliane Benacchio,juliana.costa@wirex.com.br,Wirex Cable S.A,Santa Branca /SP,wirex-com-br.mail.protection.outlook.com.,Microsoft 365
Flavia Camargo,info@wittur.com.br,Wittur Ltda.,São Paulo /SP,mx-vip-01.uni5.net.,Outro
Fabiane Murakmi /Juliana,fabiane@wog.com.br,Wog Comércio de Metais Sanitários Ltda.,São Paulo /SP,mail.wog.com.br.,Outro
Robert Mamahlnn,rmamahlnn@wow.com.br,Wow Ind. e Com. Ltda.,São Paulo /SP,aspmx.l.google.com.,Google Workspace
Priscila Merigio,priscila.merigio@xypd.com.br,Xypd do Brasil Embalagens Ltda.,Conchas /SP,mx2.hostinger.com.br.,Outro
Ricardo Figueredo,yak.impex@originet.com.br,Yakult S.A. Ind. e Com.,São Paulo /SP,mx2.hostinger.com.,Outro
Pedro Montecinos,decex@yalelafonte.com.br,Yale La Fonte Sistemas de Segurança Ltda.,São Paulo /SP,yalelafonte.com.br.,Outro
Rosangela Tomazini,rosangela_tomazini@yaskawa.com.br,Yaskawa Elétrico do Brasil Ltda.,São Paulo /SP,yaskawa-com-br.mail.protection.outlook.com.,Microsoft 365
Carlos Eduardo  / Cauby,dir.compras@york.com.br,York Ind. e Com. de Produtos Plásticos S.A.,Salto /SP,york-com-br.mail.protection.outlook.com.,Microsoft 365
Jair Zanandrea,zanaflex@snet.com.br,Zanandrea Cia. Ltda.,Cotia /SP,mx.snet.com.br.,Outro
Roseli,rgalocio@zinpro.com,Zinpro Animal Nutrition Brasil Coml. Ltda.,Piracicaba /SP,zinpro-com.mail.protection.outlook.com.,Microsoft 365
Sérgio Romero,sergio.romero@zodiac.com.br,Zodiac Produtos Farmacêuticos S.A.,Pindamonhangaba /SP,zodiac-com-br.mail.protection.outlook.com.,Microsoft 365
