id,nome,email,empresa,cidade
572,Aldo da Silva Neves,aldoneves@clark.com.br,Clark Empilhadeiras do Brasil Ltda.,Campinas /SP
541,Maristela Castro,sgb.compra@schott.com,Schott Glaverbel do Brasil Ltda.,Indaiatuba /SP
538,Cristiane Pavan,cristiane.pavan@mappel.com.br,Mappel Indústria de Embalagens S.A.,Diadema /SP
566,Tiago Barboza,tiago.barboza@newagebebidas.com.br,Newage Indústria e Comércio de Bebidas e Alimentos Ltda.,Leme /SP
543,Suzi Alcântara,suzi.alcantara@american.com.br,Euroamerican do Brasil Imp. Ind. e Com. Ltda,Jandira /SP
544,Everaldo Frason,continental@continentalparafusos.com.br,Egsa Equipamentos Para Gás do Brasil Ltda.,Diadema /SP
556,Mori,mmori@alphapex.com.br,Alphapex Comercio e Representações Ltda.,Sao Paulo /SP
537,Celso,itr@itrsa.com.br,Itr South America Com. Imp. e Exp. Ltda.,S&#227;o Paulo /SP
561,Fernando Foramilio (SCM),jose.teixeira@rittal.com.br,Rittal Sistemas Eletromecanicos Ltda.,S&#227;o Paulo /SP
531,Pedro Montecinos,decex@yalelafonte.com.br,Yale La Fonte Sistemas de Segurança Ltda.,S&#227;o Paulo /SP
513,Elaine Vieira,ksag@ksdpa.com.br,Kolbenschmidt Distribuidora de Produtos Automotivos Ltda.,S&#227;o Paulo /SP
503,Antonio Severini,antonio.severini@terra.com.br,Tenda Atacado Ltda.,Guarulhos /SP
472,Edmundo Carvalho,tyrolit@tyrolit.com.br,Tyrolit do Brasil Ltda.,Cabre&#250;va /SP
504,Christian Pfister,secur@secur.com.br,Secur-Comercial Importadora e Exportadora Ltda.,S&#227;o Paulo /SP
483,Nádia de Oliveira,plastipak@plastipak.com.br,Platipak Packaging do Brasil Ltda.,Paul&#237;nia /SP
494,Luiz Henrique Santos Costa,info@peribrasil.com.br,Peri Formas e Escoramentos Ltda.,Carapicuiba /SP
506,Neli Miranda,euchner@euchner.com.br,Euchner Comércio de Componentes Eletrônicos Ltda.,S&#227;o Paulo /SP
475,Bimoto,giiii@giii.com.br,Intertrim Ltda.,Cacapava /SP
479,Cintia Santos,cintia_santos@seton.com,W.H.B.Do Brasil Ltda.,Barueri /SP
474,Cristina,financeiro@rolemak.com.br,Rolemak Coml. Ltda.,S&#227;o Paulo /SP
464,Mario Lutfi,mlutfi@niagara.com.br,Niagara Comercial S.A.,S&#227;o Paulo /SP
447,Adilson Parrella,tamorim@ogara-hess.com,Ogara Hess e Eisenhardt Armoring do Brasil Ltda.,Barueri /SP
420,Grace Davison,marketing@grace.davison.com.br,Grace Brasil Ltda.,S&#227;o Paulo /SP
458,Marli Cabral,maily@componet.com.br,Componet Eletro Eletrônica e Redes Ltda.,Campinas /SP
435,Jaime Ramirez,cimplast.saopaulo@cimplast.com.br,Cimplast Embalagens Imp. Exp. e Com. Ltda.,Osasco /SP
434,Luis Carlos Simão,leo@unifrax.com.br,Unifrax Brasil Ltda.,Vinhedo /SP
450,Raquel Karpfenstein,raquel@descarpack.com.br,Descarpack Descartáveis do Brasil Ltda.,S&#227;o Paulo /SP
412,Rosana Goncalves Mello Henrique,rosana@gascat.com.br,Gascat Ind. e Com. Ltda.,Indaiatuba /SP
411,Vanessa Flores,vanessa_flores@ccstec.com.br,CCS Tecnologia e Serviços Ltda.,S&#227;o Paulo /SP
427,Maurício Martins,hobart@hobart.com.br,Hobart do Brasil Ltda.,S&#227;o Paulo /SP
415,Cristina Chao,crischao@cikaeletronica.com,Cika Eletrônica do Brasil Ltda.,S&#227;o Paulo /SP
409,Haribert Frustockl,ekipesca@supernet.com.br,Equipesca - Equipamentos para Pesca Ltda.,Campinas /SP
399,Enrico Nania,renishaw@renishaw.com.br,Renishaw Latino Americana Ltda.,Barueri /SP
377,Iracema Perez,kautex@wac.com.br,Kautex Textron do Brasil Ltda.,Guararema /SP
360,Orvaci Nicolino,diretoria@novomedica.com.br,Novomedica Com. Imp. e Exp. Ltda.,S&#227;o Paulo /SP
390,Leo Scarpar,leo.scapar@lanxess.com,Lanxess - Indústria de Produtos Químicos e Plásticos Ltda.,S&#227;o Paulo /SP
378,Abigail Ester da Luz,abigail@alphabest.com.br,Alpha-Best Soldas Ltda.,S&#227;o Paulo /SP
364,Solange Gamboa,sgamboa@ampacet.com.br,Repexim do Brasil Ltda.,S&#227;o Paulo /SP
369,José Roberto Codato,import@alicante.com.br,Alicante Comércio Importação e Exportação Ltda.,S&#227;o Paulo /SP
379,Fabio,fabio@regattatecidos.com.br,Nixos Coml. Importadora e Exportadora Ltda.,S&#227;o Paulo /SP
396,Carla Pollak,saopaulo@pyrotek.info,Pyrobras Com. e Ind. Ltda.,Tabo&#227;o da Serra /SP
359,Priscila,pricilar@weckerle.com.br,Weckerle do Brasil Ltda,Sao Paulo /SP
357,Elena Kubota,radiofrigor@radiofrigor.com.br,Emerson Electric do Brasil Ltda.,S&#227;o Paulo /SP
330,Decio Barros,denoradobrasil@denora.com.br,De Nora do Brasil Ltda.,Sorocaba /SP
341,Keyla,cabletech@cabletechbrasil.com.br,Cabletech Ind. e Com. de Condutores Elétricos Ltda.,S&#227;o Jos&#233; dos Campos /SP
326,Márcio Righetti,pedro.tittoto@rexamcan.com.br,Rexam do Brasil Ltda.,S&#227;o Paulo /SP
294,Nilton Antonialli,fernando.fernandes@placo.com.br,Placo do Brasil Ltda.,Mogi das Cruzes /SP
309,Elpídio Gava Júnior,elpidio_gava@fmo.com,Federal Mogul Materiais de Fricção Ltda.,Iracem&#225;polis /SP
308,Rodrigo Sanches,rodrigo.sanches@grupoantolin.es,Iramec Autopeças S.A.,Ca&#231;apava /SP
281,Janice Andrade D'Arts,janice@vibracoustic.com.br,Vibracoustic do Brasil Ltda.,Taubat&#233; /SP
313,Takanobo Nogami,takanobo.nogami@eisenmann.com.br,Eisenmann do Brasil Equipamentos Indústriais Ltda.,S&#227;o Paulo /SP
307,Marcelo Maurano,usinainox@maurano.com.br,Usina Metais Ltda.,S&#227;o Paulo /SP
272,Janaina Alves de Morais,comep@terra.com.br,Comep Ind. e Com. Ltda.,Itupeva /SP
279,Augusto,augusto@comilcoversand.com.br,Comil Cover Sand Ind. e Com. Ltda.,Itaquaquecetuba /SP
283,Lucia,fuji@fujibrasil.com.br,Fuji do Brasil Máquinas Inds. Ltda.,S&#227;o Paulo /SP
259,Dinny,dinny@sunguider.com.br,Sunguider Incorporadora e Com. Exterior Ltda.,S&#227;o Paulo /SP
250,Julio,trade@casualmoveis.ind.br,GP Comércio Varejista de Móveis Ltda. - EPP - Casual Móveis,S&#227;o Paulo /SP
249,Gilberto,fugita@montealto.net,Ind. Alimentícia Fugita Ltda.,Monte Alto /SP
247,Helena Akiko,helenakiko@amcham.com.br,Cooper Power Systems do Brasil Ltda.,S&#227;o Paulo /SP
238,Takefumi Wai,brastrela@brastrela.com.br,Brastrela Importação e Exportação Ltda,Sao Paulo /SP
244,Eduardo Debiagi,info@fortitech.com.br,Fortitech South America Industrial e Comercial Ltda.,Campinas /SP
241,Gisela Brown,netafin@netafin.com.br,Netafin Brasil Sistemas e Equipamentos de Irrigação Ltda.,Ribeir&#227;o Preto /SP
235,Bruno,bruno@unimaq.com.br,Unimaq Jaboticabal Máquinas Operatrizes Ltda. - Me,Jaboticabal /SP
226,Bijouterias Mabel Comercio E Importacao Ltda,fatima@mabelimport.com.br,Bijouterias Mabel Comercio Importação Ltda,Sao Paulo /SP
237,Amadeu Martins / Mara Cintia S. de Azevedo,trading@trablin.com.br,Trablin Trading Brasileira de Ligas e Inoculantes S.A.,S&#227;o Paulo /SP
231,Pedro Lopes,dewert@phoenix-mecano.com.br,Phoenix Mecano Comercial e Técnica Ltda.,S&#227;o Paulo /SP
227,Bruna Miranda,bruna.miranda@komaxgroup.com,Komax Coml. do Brasil Ltda.,Barueri /SP
225,Simone,silca@kabadobrasil.com.br,Kaba do Brasil Ltda.,S&#227;o Paulo /SP
222,Paulo Barrella,paulo.barrella@anixter.com,Anixter do Brasil Ltda.,S&#227;o Paulo /SP
215,Edgard Alan Rodrigues,info@murr.com.br,Murrelektronik do Brasil Indústria e Comércio Ltda.,S&#227;o Paulo /SP
213,Adriana Benati,a.benati@sestini.com.br,Sestini Mercantil Ltda.,S&#227;o Paulo /SP
212,Walter Inacio Silva,penn-elcom@penn-elcom.com.br,Penn Elcom Comercial e Importadora Ltda.,S&#227;o Paulo /SP
203,Ana Rosa,valvulas@bugattibrasil.com.br,Bugatti Brasil Válvulas Ltda.,Cotia /SP
195,Gustavo,gustavo@creativetintas.com.br,Creative Ind. e Com. Ltda.,S&#227;o Bernardo do Campo /SP
189,Tieco,sunset_imp@uol.com.br,Sunset Importação e Exportação Ltda,Aruja /SP
181,Teresa Matsumura,tereza@harman.com.br,Equigas Equipamentos de Gases Ltda.,S&#227;o Paulo /SP
173,Wanderlei Ribeiro /Wagner Baviera,wanderlei.ribeiro@brasilquimica.com.br,Brasilquimica Indústria e Comércio Ltda.,Batatais /SP
131,Iris Hidaka,kotaimp@terra.com.br,Kota Imports Ltda.,S&#227;o Paulo /SP
124,Sandra Porta,ecofabril@ecofabril.com.br,Ecofabril Ind. e Com. S.A.,Jundia&#237; /SP
141,Lino Ferreira / Débora Dorta,lino.ferreira@perkimelker.com,Perkinelmer do Brasil Ltda.,S&#227;o Paulo /SP
166,Carlos,macdermid@macdermid.com.br,Macdermid Artes Gráficas Ltda.,Valinhos /SP
171,Daniela Missano,daniela.missano@graphicpkg.com.br,Graphic Packaging International do Brasil - Embalagens,Jundia&#237; /SP
149,Rafaela,rafaela@trelleborg.com.br,Trelleborg do Brasil Ltda.,Len&#231;&#243;is Paulista /SP
110,Daielly Franzine,export@ceralpisos.com.br,Cerâmica Ramos Ltda.,Cordeir&#243;polis /SP
95,Marcio Possi,cadium@cadium.com.br,Cadium Comércio Importação e Exportação Ltda,Diadema /SP
96,Andrea Guardino Machado,nordsee@nordsee.com.br,Nordsee Comercial Importadora e Exportadora Ltda.,S&#227;o Paulo /SP
108,Vera Aoki,marcio.lacerda@knorr-brense.com,Knorr Bremse Sistemas Para Veículos Ferroviários Ltda.,S&#227;o Paulo /SP
88,Joaquim Gimenes,labate@labate.com.br,Labate Papéis Máquinas e Suprimentos Ltda.,S&#227;o Paulo /SP
80,Nilton,kalipso@uol.com.br,Kalipso Equipamentos Individuais de Proteção Ltda.,S&#227;o Paulo /SP
81,Sônia Kuabra,weirbrasil@weirbrasil.com.br,Weir do Brasil Ltda.,S&#227;o Paulo /SP
49,Enio Guedes,enio@rell.com,Richardson Electronics do Brasil Ltda.,S&#227;o Paulo /SP
61,Viviane Ramos,viviane_ramos@waters.com,Waters Technologies do Brasil Ltda.,Barueri /SP
62,Gabriella M. Zezze,adriana@ebf.com.br,Ebf Vaz Ind. e Com. Ltda.,Jundia&#237; /SP
48,Elizabete Mota,elizabete.mota@sweetmix.com.br,Sweetmix Ind. Com. Imp. e Exp. Ltda.,Sorocaba /SP
42,Antonio,reprochem@reprochem.com.br,Reprochem Ind. e Com. Ltda.,S&#227;o Paulo /SP
44,Robinson Balestero,rbalestero@autocam.com.br,Autocam do Brasil Usinagem Ltda.,Campinas /SP
39,Rosemeire Andrade,info@blackbox.com.br,Black Box do Brasil Ind. Com. Ltda.,S&#227;o Paulo /SP
35,Cristina,vendas@transcor.com.br,Transcor Ind. de Pigmentos e Corantes Ltda.,Diadema /SP
34,Sueli Rosa,sueliminesxco@terra.com.br,Minexco Com. Imp. e Exp. Ltda.,Guarulhos /SP
32,Renato,renato@pkodobrasil.com.br,PKO do Brasil Imp. e Exp. Ltda.,Moji das Cruzes /SP
585,Valdir Borges,borges.v@pg.com,Procter e Gamble Industrial e Comercial Ltda.,S&#227;o Paulo /SP
583,Fernando Nicory,fernando@magmaind.com.br,Magma Indústria e Comércio Têxtil Ltda.,S&#227;o Paulo /SP
587,Vendas,management@chemetall.com.br,Chemetall do Brasil Ltda.,Diadema /SP
593,Carlos Jorge Nobre Moreira,vani@lpgola.com.br,Lainiere de Picardie-Golaplast Brasil Têxtil Ltda.,Guarulhos /SP
595,Lucas,lucas@frutart.com.br,Frutart Comércio de Produtos Agrícolas Eireli,S&#227;o Paulo /SP
598,Celso Oliveira,celso.oliveira@alpla.com,Brasalpla Brasil Ltda.,Itapevi /SP
601,Rodrigo Lopes,colornet@colornet.com.br,Colornet Comércio Exterior Ltda.,S&#227;o Paulo /SP
630,Alberto Correa Neto,milano@milanotecnica.com.br,Milano Tecnica Indústria e Comércio Ltda.,Cacapava /SP
606,Marcilene,marcilene@forbex.com,Forbex Brasil Ltda.,S&#227;o Paulo /SP
638,Valeria,valeria@condutti.com.br,Condutti Ind. e Com. de Condutores Elétricos Ltda.,S&#227;o Paulo /SP
632,Bruna Pontes,bruna.pontes@br.nestle.com,CPW Brasil Ltda.,Ca&#231;apava /SP
607,Mauricio Bufano,monica_d1@verifone.com,Verifone do Brasil Ltda.,S&#227;o Paulo /SP
604,Lucila M. Tardivo Prandini,intermedic@uol.com.br,Intermedic Technology Importação e Exportação Ltda.,S&#227;o Paulo /SP
602,Natalia Pires / Dalton Umeara,np@metrohm.com.br,Pensalab Equipamentos Industriais Ltda.,S&#227;o Paulo /SP
644,Eliane Moreira,eliane.moreira@produquimica.com.br,Tubos Ipiranga Ind. e Com. Ltda.,Suzano /SP
646,Celly,monforte@monforte.com.br,Pacific Imp. Exp. e Com. Ltda.,S&#227;o Paulo /SP
654,Debora Fanti,debora@tourandersson.com.br,Tour & Andersson Ltda.,S&#227;o Paulo /SP
656,Leticia,leticia@italytec.com.br,Italytec Imex Indústria e Comércio Ltda.,Americana /SP
710,Adriano Peres Barbosa,abarbosa@valspar.com.br,The Valspar Corporation Ltda.,S&#227;o Bernardo do Campo /SP
687,Claudia,tiago@musical-express.com.br,Musical Express Comercio Ltda,Sao Paulo /SP
666,Francisco Cortez / Carlos Aquino,atendimento@samsonite.com.br,Samsonite Brasil Ltda.,S&#227;o Paulo /SP
700,Maria Conceicao,mines@okidata.com.br,Oki Data do Brasil Informática Ltda.,Sao Paulo /SP
716,Raquel Garcia,rgarcia@ulma.com.br,Ulma Brasil Formas e Escoramentos Ltda.,Itapevi /SP
715,Tuma Cass Mwosa,butrico@paronoa.com.br,Paranoá Ind. de Borracha S.A.,Diadema /SP
721,Perácio Cardoso,dcirighetto@uol.com.br,Dci Dinamic Cassette International do Brasil Com. Ltda.,Santana de Parna&#237;ba /SP
729,Andreia,ltm@ltmchicotes.com.br,Ltm Ind. e Com. de Chicotes Elétricos Ltda.,Botucatu /SP
736,Flavia Camargo,info@wittur.com.br,Wittur Ltda.,S&#227;o Paulo /SP
744,Nain Bayeh,imports@sonocoforplas.com.br,Sonoco For-Plas Ltda.,Araras /SP
747,Michele Santiago,edgar@arinos.com.br,Arinos Química Ltda.,Osasco /SP
746,Fabiola Pavliuk,fabiola.pavliuk@vatechhydro.com.br,Va Tech Hydro Brasil Ltda.,Barueri /SP
753,Renata Boffo,renata.boffo@optima-bra.com,Optima do Brasil Máquinas de Embalagem Ltda.,Vinhedo /SP
751,Tatiana Pardoni,sac@cornproducts.com.br,Corn Products Brasil Ingredientes Industriais Ltda.,S&#227;o Paulo /SP
763,Carlos Kato,ckato@br.abx.fr,Abx Diagnostics Ltda.,S&#227;o Paulo /SP
770,José Roberto Dias,jose.dias@ingbrammicro.com.br,Ingram Micro Brasil Ltda.,Barueri /SP
771,José Gamito Fo,gamito@omnisys.com.br,Omnisys Engenharia Ltda. Epp,S&#227;o Caetano do Sul /SP
787,Leandro / Bruna,savasa@savasa.com.br,Savasa Impressores Ltda.,Mog&#237; das Cruzes /SP
793,Mauro Gergonti,mauro.gergont@crogb.esprint.com.br,Crosfield Brasil Ltda.,S&#227;o Paulo /SP
775,Lucas Manuel do Santos,lucas.manoel@mubea.com.br,Mubea do Brasil Ltda.,Taubat&#233; /SP
799,Marcos,marcos@biocontrole.com.br,Bio Controle Métodos de Controle de Pragas Ltda.,S&#227;o Paulo /SP
806,Juliana Diniz Macedo,juliana.comex@bigfoods.com.br,Big Foods Produtos Alimentícios Ltda.,Tatu&#237; /SP
798,Rodrigo,compras@girbau.com.br,Girbau do Brasil Máquinas de Lavanderia Ltda.,S&#227;o Paulo /SP
803,Cristina,cristina@okuma.com,Okuma Latino Americana Comercio Ltda,Sao Paulo /SP
810,Gilberto Rodrigues,ventuno@osite.com.br,Ventuno Produtos Têxteis Ltda.,S&#227;o Paulo /SP
816,Marcelo Palacius,someco@someco.com.br,Someco Ind. Com. Imp. e Exp. Ltda.,S&#227;o Paulo /SP
817,Rogerio de Medeiros,rogerio@sarfam.com.br,Sarfam Comercial Importadora Ltda,Sao Paulo /SP
825,Robson Corrêa da Silva,comercial@coexpan.com.br,Coexpan Brasil Embalagens Ltda.,Jundia&#237; /SP
818,David Remsen,cmendes@rich.com,Rich do Brasil Ltda,Sao Paulo /SP
828,Flavia Barbalho,flavia.barbalho@diasorin.com.br,Diasorin Ltda.,S&#227;o Paulo /SP
830,Axelreinar Reinardt,jsena@fischer-dohler.com.br,Fischer Döhler Ltda.,Limeira /SP
836,Rogerio Fanini Junior,ngmetalu@ngmetalurgica.com.br,Ng Metalúrgica Ltda.,Piracicaba /SP
832,Helena Beatriz,helenabeatriz.tiburcio@sleever.com.br,Sleever International Ltda.,S&#227;o Paulo /SP
838,Ernani Bono,vendas@huf.com.br,Huf do Brasil Ltda.,Atibaia /SP
837,Sérgio Epof,epof@apisdelta.com.br,Apis Delta Ltda.,Diadema /SP
854,Jefferson,jefferson@guririltda.com.br,Importadora e Exportadora Guriri Ltda.,S&#227;o Paulo /SP
842,Paulo,paulo@fobrasa.com.br,Farnell-Newark Inone Dist. de Componentes Eletrônicos,S&#227;o Paulo /SP
857,Leticia,phytoessence@uol.com.br,Phytoessence Fragâncias Ltda. Me,Osasco /SP
856,Guadalupe Rengifo,export@dwr.com.br,Mgi Coutier Brasil Ltda.,Jundia&#237; /SP
861,Fernanda,simcomaq@uol.com.br,Simco Com. Imp. Exp. de Máquinas Ltda.,Campinas /SP
839,Amadeu Martins,trader@trablin.com.br,Trablin Trader Brasileiras de Ligas e Inoculantes S.A,S&#227;o Paulo /SP
883,Deise,prolam@prolam.com.br,Mbset Ind.l Ltda.,S&#227;o Paulo /SP
879,Artemil Gonzales,artemil.gonzales@seiren-automotivo.com.br,Seiren Produtos Automotivos Ltda.,Votorantim /SP
884,Elaine / Flavio,elaine@bmcbrasil.com.br,Bulk Molding Compounds do Brasil Ind. de Plásticos Reforçados Ltd,Rio Claro /SP
888,Patrícia Bonamigo,patricia.bonamigo@oerlikon.com,Oerlikon Balzers Revestimentos Metálicos Ltda.,Jundia&#237; /SP
887,Almir Lavechia,almir.lavechia@allevard-rejna.com.br,Allevard Molas do Brasil Ltda.,Mogi-Mirim /SP
905,Marco Szili,rsantana@telesystem.it,Tele System Electronic do Brasil Ind. e Com. Ltda.,S&#227;o Paulo /SP
912,Roberto,roberto@eros.com.br,Eros Alto Falantes Ltda,Presidente Prudente /SP
915,Debora Prado Carnevale,requenaimpot@uol.com.br,Requena Comercial e Importadora Ltda,Sao Paulo /SP
908,Graciela Scarpelli,graciela.scarpelli@br.pvmgrp.com,Perfetti Van Melle Brasil Ltda.,Jundia&#237; /SP
918,Marcos,marcos@pomarnovo.com.br,Pomar Novo Imp. e Exp. Ltda.,S&#227;o Paulo /SP
910,Rosana Leonardo,snd@snd.com.br,SND Distribuição de Produtos de Informática Ltda.,Barueri /SP
924,Sergio,lulitex@lulitex.com.br,Lulitex Com. Imp. e Exp. Ltda.,S&#227;o Paulo /SP
950,Estella Pavlakis,contato@argosy.com.br,Copo-Fehrer Ind. de Poliuretano do Brasil Ltda.,S&#227;o Paulo /SP
946,Pedro,comercial@lavorwash.com.br,Lavorwash Brasil Industrial e Comercial Ltda.,Ribeir&#227;o Preto /SP
933,Marcelo Coimbra,mcoimbra@colormatrix.com.br,Colormatrix América do Sul Ltda.,Itupeva /SP
929,José Carlos Muller,juntas@taranto.com.br,Taranto Comercial Importadora e Exportadora Ltda.,S&#227;o Paulo /SP
964,Adriana Pailer,apailer@fastefood.com,"Fast & Food Importação ,logística e Distribuição Ltda",Taboao da Serra /SP
957,Eduardo R. Santos,eduardo.santos@ps.ge.com,Ge Hydro Inepar do Brasil S.A.,Campinas /SP
960,Emileide Freitas,emileide.freitas@casco.com.br,Casco do Brasil Ltda.,Indaiatuba /SP
974,Vanessa,recepcao.br@im.com,IFM Electronic Ltda.,S&#227;o Paulo /SP
966,Valdir,compras@pateko.com.br,Brevini Latino Americana Ind. e Com. Ltda.,Santa Cruz do Rio Pardo /SP
976,Rogerio Antonio Quideroli,rogerio@mtp-tubos.com.br,Metalúrgica de Tubos de Precisão Ltda.,Guarulhos /SP
979,Rogerio,rogerio@asperbras.com.br,Asperbras-Nordeste Irrigação Ltda.,Pen&#225;polis /SP
978,Maicon Isidoro,maicon.isidoro@fanucamerica.com,Fanuc South America Equipamentos de Automação e Serviços Ltda.,S&#227;o Paulo /SP
980,Luciane Crispim,luciane.crispim@cromex.com.br,Cromex S.A,S&#227;o Paulo /SP
981,Patrícia Santos,signodebrasileira@signode.com.br,Signode Brasileira Ltda,Cabre&#250;va /SP
993,Paulo Azevedo,pauloazevedo@mirale.com,Mirale Imp. e Exp. Ltda.,S&#227;o Paulo /SP
998,Mariana,petrene@novapetrene.com.br,Nova Petrene Consultoria Imp. e Com. Ltda.,S&#227;o Paulo /SP
1010,Daniele Oliveira,daniele.oliveira@orica.com.br,Dyno Nobel Brasil Ltda.,Lorena /SP
1027,Robert Mamahlnn,rmamahlnn@wow.com.br,Wow Ind. e Com. Ltda.,S&#227;o Paulo /SP
1020,Mariana,marianas@agendaspombo.com.br,Agendas Pombo-Lediberg Ltda.,Cotia /SP
1017,Carmen Cavalieri,carmen.cavalieri@duringdobrasil.com.br,During do Brasil Ltda.,Itatiba /SP
1037,Camila Barros,camila@acpcomponentes.com.br,Acp Comércio Atacadista de Componentes Eletrônicos Ltda.,S&#227;o Paulo /SP
1038,Wellington Fernandes,wbmfernandes@brasutere.com,Brasuture Ind. Com. Imp. e Exp. Ltda.,S&#227;o Sebasti&#227;o da Grama /SP
1033,Aurélio F. Gonzales Macias,constanta@constanta.com.br,Constanta Industrial Ltda.,Atibaia /SP
1016,Rosa,rosa@cromatek.com.br,Cromax Eletrônica Ltda.,Guarulhos /SP
1039,Adriana Silva,adriana.silva@fluke.com,Fluke do Brasil Ltda.,S&#227;o Paulo /SP
1002,Maria Aparecida Nascimento Lima,maria@irizar.com.br,Irizar Brasil S.A.,Botucatu /SP
1028,Pedro da Rocha Roquete,petrom@petrom.com.br,Petrom - Petroquímica Mogi das Cruzes S/A,Mogi das Cruzes /SP
1058,Camila Rhartkoff,sac@wampfler.com,Wampfler Ltda,Itu /SP
1075,Ana Carolina Vilela,carol@staracer.com.br,Star Racer Brasil Ltda.,Cacapava /SP
1083,Celia Kubota,pilz@pilzbr.com.br,Pilz do Brasil Sistemas Eletrônicos Industriais Ltda.,S&#227;o Bernardo Do Campo /SP
1079,Milene Córdoba,m.cordoba@findernet.com,Finder Componentes Ltda.,S&#227;o Caetano do Sul /SP
1059,Ronaldo,twu@twu.com.br,TWU Com. Serviços Imp. e Exp. Ltda.,S&#227;o Paulo /SP
1061,João Mariano/Paulo Souza,joaomariano@biosoj.com.br,Bio Soja Fertilizantes Ltda.,S&#227;o Joaquim da Barra /SP
1081,Vanda,vanda@cosmotec.com.br,Cosmotec Especialidades Químicas Ltda.,Guarulhos /SP
1088,Daniela Parazi,dparazi@sicad.com.br,Sicad do Brasil Fitas Auto Adesivas Ltda.,Capivari /SP
1045,Andréia Sena,andreia.sena@bericap.com,Bericap do Brasil Ltda.,Sorocaba /SP
1092,Sergio Cao,roler@roler.com.br,Rosler do Brasil Ltda,Cotia /SP
1044,Celise Biasoli,celise.biasoli@br.ebmpapst.com,Ebm-Papst Motores Ventiladores Ltda.,Cotia /SP
1091,Liang,liang@willing.com.br,Willing Trading Importação e Exportação Ltda,Santo Andre /SP
1100,Tatiana Pires de Oliveira,nutrifarms@nutrifarms.com.br,Nutrifarms Ind. e Com. de Nutrição Animal Ltda.,Rio Claro /SP
1133,Andrea de Lima,importexport@texfyt.com.br,Texfyt Ind. e Com. Ltda.,Santa B&#225;rbara D&#39;Oeste /SP
1104,Ralf Thibes,langmekra@uol.com.br,Lang Mekra do Brasil Ltda.,Sorocaba /SP
1109,Renato Kanetaka / Eduardo Ramalho,renato.kanetaka@gvs.com,Gvs do Brasil Ltda.,Monte Mor /SP
1128,Eliana Santos,eliana@huesker.com.br,Huesker Ltda.,S&#227;o Jos&#233; dos Campos /SP
1110,Cristiane,deltalog@deltalog.com.br,Sabaf do Brasil Ltda.,Guarulhos /SP
1134,Fernanda Stefani,fernanda.stefani@telcon.com.br,Equipar - Com. de Equip. Laboratoriais e Hospitalares Ltda.,Sorocaba /SP
1146,Alfredo Queiroz,inalfa@inalfa.com.br,Inalfa América do Sul Ltda.,S&#227;o Paulo /SP
1143,Antônio Augusto Vaz,senior@dialdata.com.br,Senior do Brasil Ltda.,Ara&#231;ariguama /SP
1138,Barbara,kathrein@kathrein.com.br,Kathrein Mobilcom Brasil Ltda.,S&#227;o Paulo /SP
1149,Cristiane Barthel,edscha@edscha.com.br,Edscha do Brasil Ltda.,Sorocaba /SP
1155,Marcus Vinícius Martins,mmartins@phelpsdodge.com,Columbian Chemicals Brasil Ltda.,S&#227;o Paulo /SP
1152,Nelson Theobaldo Ferreira,nelsontf@tuenkers.com.br,Tunkers do Brasil Ltda.,Diadema /SP
1168,Emily ou Giovana,compras@br-ercagroup.com,Rhodia Industria Quimica Ltda,Itatiba /SP
1169,Paulo Casar de Lima,pclima@schincariol.com.br,Blum Albras Ind. e Com. de Ferragens Ltda.,Itanha&#233;m /SP
1160,Marineuza,systemplast@systemplast.com.br,System Plast Ltda.,S&#227;o Paulo /SP
1180,Christina Vodopizie,christina.vodopizie@orthofix.com.br,Orthofix do Brasil Ltda.,S&#227;o Paulo /SP
1174,Rosangela,com@lindalgroup.com.br,Lindal do Brasil Ltda.,Cabreuva /SP
1187,José Antonio,comercial@mecaplast.com.br,Mecaplast do Brasil Ltda.,S&#227;o Paulo /SP
1185,Sandra Vallilo,sandra.vallilo@hamon.com,Hamon do Brasil Ltda.,S&#227;o Paulo /SP
1193,Fernando Ratao,vendas@kingtony.com.br,Raven Comércio e Importação de Ferramentas Ltda.,S&#227;o Paulo /SP
1195,Alexandre,hetros@hetrosfrutas.com.br,Frugal Importadora e Exportadora Ltda.,S&#227;o Paulo /SP
1200,Felipe  Viana,vianna_felipe@emc.com,Emc Computer Systems Brasil Ltda.,S&#227;o Paulo /SP
1209,Cristiane Dantas,cristiane.dantas@gkn.com,GKN Sinter Metals Ltda.,Hortol&#226;ndia /SP
1204,Neiva Samara,neiva_samara@volexbras.com.br,Volex do Brasil Ltda.,Jacare&#237; /SP
1237,Paulo Barros,paulobarros@newton.com.br,Nework do Brasil Ltda,Sao Paulo /SP
1239,Patricia Romao,promao@amitech.com.br,Amitech Brazil Tubos Sa,Ipeuna /SP
1257,Ivo M. Belucci,ivombelucci@caio.com,Induscar Ind. e Com. de Carrocerias Ltda.,S&#227;o Paulo /SP
1270,Hélcio,contabil@prakolar.com.br,Prakolar Rótulos Auto Adesivos Ltda.,S&#227;o Paulo /SP
1260,Jose Benedito Padilha,abp@abpimport.com.br,ABP Importadora e Comercial Ltda,Sao Paulo /SP
1262,Fulvio,fulvio.a@policom.com.br,Meb Comercial Importadora e Exportadora Ltda.,S&#227;o Paulo /SP
1269,Renata Magalhaes Casadei,rcasadei@hylinedobrasil.com.br,Hy Line do Brasil Ltda.,Nova Granada /SP
1296,Priscila Perri,perri@atlasmaquinas.com.br,Atlas Ind. e Com. de Máquinas e Acessórios Ltda.,S&#227;o Paulo /SP
1272,Luciano,luciano@belliss.com.br,Belliss & Morcom Brasil Ltda.,Itupeva /SP
1304,Maria Teresa Ferro,bratifschc@plastekbrasil.com.br,Plastek do Brasil Ind. e Com. Ltda.,Indaiatuba /SP
1273,Lucia Helena Zardettez,marsulpescados@uol.com.br,Verion Ltda.,S&#227;o Paulo /SP
1325,Adriana,adriana.renor@orthofix.com.br,Arinox Comercial Ltda.,Barueri /SP
1327,Bruno Araújo,bruno.araujo@prolind.com.br,Prolind Indl. Ltda.,S&#227;o Jose dos Campos /SP
1331,Mayara Santos,mayara.santos@sealedair.com,Diversey Brasil Industria Química Ltda.,S&#227;o Paulo /SP
1365,Juliano Versoni,compras@dynamicair.com.br,Dynamic Air Ltda.,Nazar&#233; Paulista /SP
1332,Petsie Pennings,petsie.pennings@incotec.com.br,Incotec América do Sul Tecnologia em Sementes Ltda.,Holambra /SP
1345,Elissandra Yamada,elissandra.yamada@protervac.com.br,Protervac Ind. e Com. de Embalagens e Máquinas Ltda.,S&#227;o Caetano do Sul /SP
1356,Margarete Constâncio Spinelli,margarete@br.surtec.com,Surtec do Brasil Ltda.,S&#227;o Bernardo Do Campo /SP
1377,Pollyanna Molica,pollyanna.molica@cebibrasil.com.br,Cebi Brasil Ltda.,Indaiatuba /SP
1378,Fabio Sousa,purolite@purolite.com.br,Purolite do Brasil Ltda.,S&#227;o Paulo /SP
1348,Diana Paula / Flavia,dpaula@itwchem.com.br,ITW Chemical Products Ltda.,Embu /SP
1368,Iride Fachini,ifachini@mdint.com,Md International Equipamentos Médicos Comércio e Serviços Ltda.,Barueri /SP
1379,Eduardo,eduardo@nutri.com.br,Nutri.Com Tecnologia Ltda.,Diadema /SP
1380,Anna,info@parafix.com.br,Parafix Ind. e Com. de Fitas Adesivas Ltda.,Valinhos /SP
1393,Angela,angela@selinc.com,Sealed Air Embalagens Ltda.,Campinas /SP
1394,Cristina,cristina.marques@leggett.com,Leggett & Platt do Brasil Ltda,Sao Paulo /SP
1384,Carina Piccolotto,comercial@globequimica.com.br,Globe Química Ltda.,Cosm&#243;polis /SP
1415,Leandro,compras@graficaaraguaia.com.br,Araguaia Industria Gráfica e Editora Ltda.,S&#227;o Paulo /SP
1412,Marcelo Del Peloso,saquartz@terra.com.br,Avs Brasil Getoflex Ltda.,Tr&#234;s Cora&#231;&#245;es /SP
1397,Paulo Mendes / Victor Mendes,paulo.mendes@cava.com.br,Ceva Saúde Animal Ltda.,Paul&#237;nia /SP
1400,Cristina Rebecchi,cristina@tecmedd.com.br,Tecmed Distribuidora de Livros Ribeirão Preto Ltda.,Ribeir&#227;o Preto /SP
1409,José,jose@idealwork.com.br,Ideal Work Uniformes e E.P.I.S Ltda,Jandira /SP
1418,Paula,paula@solupack.com.br,Solupack Sistemas de Embalagens Ltda.,Cotia /SP
1395,Flavia Puganza,f.buganza@sobrahel.com.br,Sobrahel Sociedade Brasileira de Helicópteros Ltda.,Osasco /SP
1423,Fernanda Pamplona,brasil@polysack.com,Polysack Indústrias Ltda.,It&#225;polis /SP
1424,Paulo,paulo.barreto@stauffbrasil.com,Stauff Brasil Ltda.,S&#227;o Paulo /SP
1435,Carlos Tanaka,vendas@pramac.com.br,Pramac Brasil Equipamentos Ltda.,Cravinhos /SP
1438,Patricia Esteves,patricia.esteves@ingeteam.com,Ingeteam Ltda.,Campinas /SP
1443,Valter Neres Toro,comercial@starkbr.com.br,Stark do Brasil Ltda.,S&#227;o Paulo /SP
1452,Roberto Mitsuo Inoue,roberto.inoue@mectrol.com.br,Mectrol do Brasil Comercial Ltda.,Bauru /SP
1442,Abelardo Levy,sidney.sato@trellerborg.com,Gt do Brasil S.A. - Ind. e Com.,Guarulhos /SP
1470,Ronald Kann,irmamendes@uol.com.br,Cronimet Brasil Ltda.,S&#227;o Paulo /SP
1453,Jose Carlos Brauner,braunerjc@losinox.com.br,Argosy Aparelhos Auditivos Ltda.,S&#227;o Paulo /SP
1456,Paulo Pires De Camargo,paulo@bkg-rotem.com.br,Bkg Rotem Química do Brasil Ltda.,S&#227;o Paulo /SP
1457,Durival Silva,durival@dermet.com.br,Dermet do Brasil Ltda,Sao Paulo /SP
1474,Cristian,amg.flumar@granel.com.br,Flumar Transportes de Químicos e Gases Ltda.,Santos /SP
1477,Daniela,daniela@compextec.com.br,Compex Tecnologia Ltda.,S&#227;o Paulo /SP
1479,Tatiana Stuchi Cruz Silvestre,ts.cruz@stollberg.com.br,Stollberg do Brasil Ltda.,Guaratinguet&#225; /SP
1498,Luciana Ikuno,likuno@unicoba.com.br,Uniplen Indústria de Polímeros Ltda.,Diadema /SP
1493,Mara,importacao@pic-web.com.br,PIC Química e Farmacêutica Ltda.,Itapevi /SP
1501,Morgan Watkins,juliana@aerzen.com.br,Aerzen do Brasil Ltda.,Cotia /SP
1511,Neide Navickis,neide.navickis@audisenna.com.br,Audi Senna Ltda,Sao Caetano do Sul /SP
1513,Fabio,fabio@sovnet.com.br,Ogura Clutch do Brasil Ltda.,S&#227;o Paulo /SP
1519,Camila,kasa.comex@kemin.com,Kemin do Brasil Ltda.,Indaiatuba /SP
1515,Andrea Guerreiro,andrea.cristina.guerreiro@carrefour.com,Dia Brasil Sociedade Ltda.,S&#227;o Paulo /SP
1522,Reinaldo José Marques,saargummi@saargummi.com.br,Saargummi do Brasil Ltda.,S&#227;o Bernardo do Campo /SP
1537,Henrique Lewi,andrea.tognelli@kraton.com,Kraton Polymers do Brasil S.A.,S&#227;o Paulo /SP
1542,Adnan Rodrigues,adnanrodrigues@costapacking.com.br,Costapacking Ind. e Com. de Plásticos Ltda.,Pirassununga /SP
1566,Marilangi Gama,marilangi.gama@kerry.com,Junior Alimentos Ind. e Com. Ltda.,Cotia /SP
1563,Renate,r.blohm@mueller-frick.com,Jakob Muller Brasil máquinas e Comercio Ltda,Sao Paulo /SP
1546,Roseli,rgalocio@zinpro.com,Zinpro Animal Nutrition Brasil Coml. Ltda.,Piracicaba /SP
1559,Fernando Lanzilo,fernando.lanzilo@omnilink.com.br,Omnilink Tecnologia S.A.,Barueri /SP
1557,Cleide Nigra Marques,couros@prudenet.com.br,Vitapelli Ltda.,Presidente Prudente /SP
1571,Claudio Henrique Moreira,alessandrasacramento@bontaz-centre.com.br,Bontaz Centre do Brasil Ltda.,Pindamonhangaba /SP
1572,Daniela Cunha,daniela.cunha@ingenico.com.br,Ingenico do Brasil Ltda.,S&#227;o Bernardo do Campo /SP
1581,Mariana Viveiros,mariana.viveiros@daiichisankyo.com.br,Cropchem Ltda.,Barueri /SP
1620,Cicero Soares,cicero.soares@emersonenergy.com,Emerson Sistemas de Energia Ltda.,S&#227;o Paulo /SP
1638,Gilda,burkert@burkert.com.br,Burkert Contromatic Brasil Ltda.,S&#227;o Paulo /SP
1597,Guilherme Faiguenboim,discefa@discefa.com.br,Discefa Brasil Ltda.,S&#227;o Paulo /SP
1582,Regina Vieira,regina.vieira@treibacher.com.br,Treibacher Schleifmittel Brasil Ltda.,Salto /SP
1633,Karla Lohaus,klohaus@technifor.com.br,Technifor Pictor Ltda.,S&#227;o Paulo /SP
1627,Silvia Andrade,stockval@stockval.com.br,Stockval Tecno Comercial Ltda.,S&#227;o Paulo /SP
1611,Edgardo Rivero,edgardo@spiderimport.com.br,Spider Import Comercio Importação e Exportação Ltda,Sao Paulo /SP
1603,Clotilde,clotilde@mycom.com.br,Mycom Chemical Process do Brasil Ltda.,Diadema /SP
1639,Valter Gian Faldoni,info@forbo-linoleum.com.br,Forbo Linoleum Ltda.,Itapevi /SP
1623,Maria Antonia,mantonia@agrowiser.com.br,Agro Comercial Wiser Ltda.,Diadema /SP
1653,Renata Torneli,renata.henriques@biogenidec.com,Losinox Ltda.,S&#227;o Paulo /SP
1656,Benito Reinaldo Pajaro,compras2@sesisenaisp.org.br,Servico Nacional de Aprendizagem Industrial,S&#227;o Paulo /SP
1651,Elisa,elisa@ogura.com.br,Rojemac Imp. e Exp. Ltda.,Indaiatuba /SP
1652,Valdira,comercialvlc@uol.com.br,Full - Power Com. e Confecções Ltda.,S&#227;o Paulo /SP
1674,Barbara,barbara.b@jati.com.br,Jati Serviços Comércio e Importação de Aços Ltda.,S&#227;o Paulo /SP
1660,Reinaldo Matos,rsmatos@melhoramentos.com.br,Editora Melhoramentos Ltda.,S&#227;o Paulo /SP
1640,Bruno Passos,bruno.passos@homag-south-america.com.br,Draktel Optical Fibre S/A,Tabo&#227;o da Serra /SP
1644,Claudia,info@brevini.com.br,Compo do Brasil S.A.,Limeira /SP
1658,Legris do Brasil Ltda,adm@legris.com.br,Legris do Brasil Ltda.,Sao Bernardo do Campo /SP
1641,Newton Santos,ns@intrupabrasil.com.br,Intrupa do Brasil Ltda.,S&#227;o Paulo /SP
1684,Pedro Radichi,pedro@baq.com.br,Baq Ltda.,Suzano /SP
1680,Carla Souza,carlasouza@agrichem.com.br,Agrichem do Brasil Ltda.,Ribeir&#227;o Preto /SP
1681,Artemio Da Silva Barbosa,belemmaquinas@uol.com.br,Actreg do Brasil Ltda.,Sorocaba /SP
1677,Valter Kenji Sugano,sveloso@commercialvps.com.br,Comercial Vps Com. de Equip. Industriais Ltda,Diadema /SP
1716,Fabiano Da Silva,acampos@colorcon.com,Colorcon do Brasil Ltda.,Cotia /SP
1729,Erick Rodovalho,erick@tmsw.com.br,The Marketing Store Worldwide Consumer Products Ltda.,S&#227;o Paulo /SP
1720,Mario Bellotto,chemicaltech@chemicaltech.com.br,Chemicaltech Imp. Exp. e Com. de Prods Farmacêuticos Ltda,S&#227;o Paulo /SP
1699,Rosangela Aparecida Gabriela,alexandre@deltalog.com.br,Delta Logística Integrada Ltda.,Santo Andre /SP
1711,Jessé Resende,jesse.resende@onity.biz,Onity Ltda.,S&#227;o Paulo /SP
1707,Damaris,damaris@augsilk.com.br,Agabê Tecnologia Ind. e Com. Ltda.,S&#227;o Paulo /SP
1759,Edilene,moldmasters@moldmasters.com.br,Mold-Masters do Brasil e Com. de Sistemas Ltda.,Sumar&#233; /SP
1744,Jill,jill@mtek.com.br,Ivoclar Vivadent Ltda.,S&#227;o Paulo /SP
1753,Osanir Lima,limao@silberline.com.br,Silberline Brasil Ltda.,S&#227;o Paulo /SP
1731,David Ribas,fernando_vicini@johnsonelectric.com,Gate do Brasil Ltda.,Guarulhos /SP
1792,Silvana Macedo,silvana.macedo@dalka.com.br,Dalka do Brasil Ltda.,Valinhos /SP
1764,Gisene,gcoimbra@scholle.com,Scholle Ltda.,Vinhedo /SP
1766,Roberto Franco,roberto.franco@denverimper.com.br,Denver Impermeabilizantes Ind. e Com. Ltda.,Suzano /SP
1762,Ronald,importacao@lamedid.com.br,Med Goldman Industria e Com. Ltda. - Epp,Barueri /SP
1797,Ricardo Sheng,rafael@acasa.com.br,Max-Tech Comercial Importação & Exportação Ltda.,S&#227;o Paulo /SP
1774,Leonardo Ventura,leonardo.ventura@hexagon.com,Hexagon Metrology Sistemas de Medição Ltda.,S&#227;o Paulo /SP
1830,Elaine,elaine@masterpumps.com.br,Master Pumps Embalagens Com. Imp. e Exp. Ltda,Diadema /SP
1822,Scyla,funpec@funpec.br,Straumann Brasil Ltda.,S&#227;o Paulo /SP
1825,Ariovaldo Quinzani,rubens@ucr.com.br,UCR BEARING DO BRASIL LTDA,S&#227;o Paulo /SP
1816,Reinaldo,vendas@comercialinterlink.com,Comercial Inter-Link Ltda.,Jandira /SP
1834,Antonio Silvio Hugo,crown@crown.com.br,Crown Roll Leaf do Brasil Ltda,Guarulhos /SP
1836,Victor Adami,duci@duci.com.br,Dupont Cipatex S.A..,Cerquilho /SP
1841,Antonio Mendes,starkey@starkey.com.br,Starkey do Brasil Ltda.,Campinas /SP
1858,Renata,financeiro01@motorsystem.com.br,Motor System Automação Com. Imp. e Exp. Ltda.,S&#227;o Paulo /SP
1853,Deise,deise@3corp.com.br,3CORP Technology Distribuidora de Equipamentos S.A.,S&#227;o Paulo /SP
1860,Rodrigo Ferreira,rodrigo.ferreira@aleris.com,Aleris Latasa Reciclagem Ltda.,S&#227;o Paulo /SP
1851,Kendy,kendycomercial@marcolinbr.com.br,Marcolin do Brasil Com. de Produtos Óticos Ltda.,Jundia&#237; /SP
1861,Claudio Zoega,claudio@ecil.com.br,Ecil Met Tec Ltda.,Piedade /SP
1891,Ricardo Chammas,eurocabos@eurocabos.com.br,Eurocabos Materiais Elétricos Ltda.,Diadema /SP
1872,Helio Galheta,hgalheta@taegubrasil.com.br,Taegutec do Brasil Ltda.,S&#227;o Paulo /SP
1909,Eliane Neves,eneves@tecno-america.com,Tecnoamerica Industria e Comercio Ltda.,Taubate /SP
1918,Bruno Giacometti,bgiacometti@alliedbrasil.com.br,Allied S.A.,S&#227;o Paulo /SP
1958,Fabio G. Pinto / Sergio Veiga,admvendas@globalpack.com.br,Globalpack Ind. e Com. Ltda.,S&#227;o Paulo /SP
1977,Mathias,mathiassusemihl@dmgbr.com,Deckel Maho Gildemeister Brasil Ltda.,S&#227;o Paulo /SP
1979,Bárbara,barbara@lanmax.com.br,Coml. Starte Ltda.,S&#227;o Paulo /SP
1925,Cadu,cadu.dalla@nunhems.com,Sunseeds Ltda.,Campinas /SP
1938,Beatriz Tirado,btirado@johncrane.com,Smiths Brasil Ltda.,Rio Claro /SP
1921,Luiz Gomes,luiz.gomes@armacell.com,Armacell Brasil Ltda.,Pindamonhangaba /SP
1915,Paula F. Finotti,paula@codap.com.br,Codap Brasil Ltda.,Sorocaba /SP
1946,Rivaldo,rivaldo@imparsports.com.br,Impar Sports Ind. e Com. de Materiais Esportivos Ltda.,S&#227;o Roque /SP
1980,Andre,cerantola@frisokar.com.br,Daten Tecnologia Ltda.,Bariri /SP
2028,Rose Franca,rfranca@primedobrasil.com.br,Schulz Bc - Equipamentos e Acessórios Tubulares Ltda.,Mau&#225; /SP
2037,Tamas,tiv@uol.com.br,Tiv Plásticos Ltda.,Sao Bernardo do Campo /SP
2031,Aline Andrade,sulpeixe@sulpeixe.com.br,Sul Peixe Comercial e Importadora Ltda,Sao Paulo /SP
2056,Eliana,eliana@dayhome.com.br,Dayhome Coml. Ltda.,S&#227;o Paulo /SP
2061,Fabiana Andrade,comexi_sp@comexibrasil.com.br,Comexi do Brasil Ltda.,S&#227;o Caetano do Sul /SP
2052,Mara Lucas,vendas@sintexlaminados.com.br,Sintex Laminados Sintéticos Ltda.,Boraceia /SP
2036,Amos Teles,amos.teles@innovapack.com.br,Innovapack Embalagens Ltda.,Itaquaquecetuba /SP
2048,Roberto,bioline@bioline.com.br,Bioline Comercial Ltda.,S&#227;o Paulo /SP
2066,Joice,comercial@antalisbrasil.com.br,Nitriflex da Amazônia Ind. e Com. S/A,Cotia /SP
2063,Alexsandra Arruda,a.arruda@gerresheimer.com,Gerresheimer Plásticos São Paulo Ltda.,Embu das Artes /SP
2072,Luciana Ribeiro,ribeirol@matalfrio.com.br,Metalfrio Solutions Ltda.,S&#227;o Paulo /SP
2087,Othon Grangeia,othon@colormix.com.br,Brasmix Comercio e Importação Ltda,S&#227;o Paulo /SP
2094,Jorge Botossi,jorgeb@moinhosantaclara.com.br,Richard Saigh Indústria e Comércio S.A.,S&#227;o Caetano Do Sul /SP
2113,Renato Dias,r.dias@omibra.com.br,Omibra Máquinas e Equipamentos Ltda.,Barueri /SP
2121,Camila Spolaor,clopay@clopay.com.br,Clopay do Brasil Ltda.,S&#227;o Paulo /SP
2138,Jhorgi Higashi,jhorgi.higashi@altana.com,Homag South America Ltda.,Cerquilho /SP
2116,Marcia Amaral,reliance.comercial@terra.com.br,Reliance Comercial Ltda.,Barueri /SP
2134,Patrícia Fratini,patricia.fratini@tca-horiba.com.br,TCA/Horiba Sistemas de Testes Automotivos Ltda.,S&#227;o Caetano do Sul /SP
2132,Leticia Bonetti,leticia.bonetti@marel.com,Marel Stork Food Systems Máquinas Alimentícias Ltda.,Piracicaba /SP
2144,Ana Paula,vendas@tubexpress.com.br,Cerantola do Brasil Ind. e Com. Ltda.,Osasco /SP
2125,Jairo Antonio,jabrazil@jabrazil.com.br,J. A. Brazil Export Comercial Exportadora Ltda.,Santos /SP
2172,Karen,rosalito@rosalito.com.br,Web Nordeste Ltda.,Santa Cruz do Rio Pardo /SP
2175,Marco A P Saba,reliance.comercial@terra.com.br,Distribuidora de Frutas Céu Azul Ltda.,S&#227;o Paulo /SP
2151,Paulo Henrique Corradi Mazzer,paulo@doptex.com.br,Doptex Ind. e Com. Têxtil Ltda.,Cerquilho /SP
2181,Érika Priscila,erikapriscila@belenus.com.br,Belenus do Brasil Ltda.,Vinhedo /SP
2198,Bianca Veiga,bianca.veiga@dmibr.com,DMI Isolantes Elétricos Ltda.,S&#227;o Bernardo do Campo /SP
2204,Jaqueline / Karen,contato@msiforks.com.br,MSI - Forks Garfos Industriais Ltda.,S&#227;o Paulo /SP
2201,Nicolas Andreas,n.andreas@lappbrasil.com.br,Cabos Lapp Brasil Ltda.,S&#227;o Paulo /SP
2184,Gerson,gsanches@lagoa.com.br,Lagoa da Serra Ltda.,Sert&#227;ozinho /SP
2227,Raimundo Duranhaes Neto,netomrtie@terra.com.br,Tie e Shirts Indústriam e Comércio Importação e Exportação Ltda.,S&#227;o Paulo /SP
2234,Carolina Tomita,carolina.tomita@jrsla.com.br,J. Rettenmaier Latinoamericana Ltda.,Diadema /SP
2246,Clayton ou Dagoberto,import@tapetessaocarlos.com.br,Tapetes São Carlos Ltda.,S&#227;o Carlos /SP
2257,Hans Henrik Knudsen,hans@saccobrasil.com.br,Sacco Comercio Importação e Exportação de Alimentos Ltda,Campinas /SP
2253,Carlos,coordvendas@camargociaembalagens.com.br,Camargo Companhia de Embalagens Ltda.,Tiet&#234; /SP
2266,Igor Pinheiro,igorpinheiro@maxiplant.com.br,Maxiplant Nutrição Vegetal Ltda.,S&#227;o Paulo /SP
2267,Mauricio Freitas,mapf@durex.com.br,Durox Produtos Químicos Ltda.,Rio Claro /SP
2272,Paulo Peixoto,perfilor@perfilor-lorena.com.br,"Perfilor S/a Construções, Industria e Comercio",Lorena /SP
2311,Alexandre Silva Costa,costaindexp@terra.com.br,Costa Comércio Importação e Exportação de Produtos Alimenticíos L,S&#227;o Caetano Do Sul /SP
2314,Erica Nakaharada,erica.nakaharada@abenzimas.com.br,Ab Enzimas Brasil Comercial Ltda.,Barueri /SP
2327,Fabiana Alves,falves@steelcase.com.br,Steelcase Com. de Móveis Ltda.,S&#227;o Paulo /SP
2299,Luiz Carlos Araujo,peroladomar@terra.com.br,Perola do Mar Comércio Imp. e Exp. de Produtos Alimentícios Ltda.,S&#227;o Paulo /SP
2302,Fernando Fontes,fernando_fontes@etilux.com.br,Fronius do Brasil Com. Ind. e Serviços Ltda.,S&#227;o Paulo /SP
2350,Edson Correa,edson@luxembourg.com.br,Luxembourg Brasil Comércio de Produtos Químicos Ltda.,S&#227;o Paulo /SP
2334,James Souza,james.souza@wincor-nixdorf.com,Wincor Nixdorf Soluções em Tecnologia da Informação Ltda.,Atibaia /SP
2352,João Mariano,joaomariano@biosoja.com.br,Granorte Fertilizantes Ltda.,Ituverava /SP
2369,Selma Faria Costa,scosta@gafor.com.br,Gafor Com. de Produtos Químicos e Papéis Ltda.,S&#227;o Paulo /SP
2375,Josiane Guedes,josiane.guedes@itwpolymere.com.br,Itw Ppf Brasil Adesivos Ltda.,Valinhos /SP
2376,Rute Santos,rute.santos@usbr.com.br,Uninetimaging do Brasil Coml. Ltda.,Ribeir&#227;o Pires /SP
2378,Priscila,adm.comex@steck.com.br,Steck Industria Elétrica Ltda,Sao Paulo /SP
2390,Lais Meirelles,inve@inve-br.com,Inve Nutrição Animal Ltda.,Campinas /SP
2394,Ivone,ivone@bombasrowa.com,Rowa do Brasil Comercial de Bombas Ltda.,S&#227;o Paulo /SP
2417,Leonardo,leonardo.reis@sealedair.com&#160;,Smiths Medical do Brasil Produtos Hospitalares Ltda.,Guarulhos /SP
2404,Bruno,imp1@ntsdobrasil.com.br,NTS do Brasil Comércio de Máquinas e Ferramentas Ltda.,S&#227;o Bernardo do Campo /SP
2438,Renan Tacara,renan_tacara@cargill.com,Innovatti - Ind. e Com. de Ésteres Sintéticos Ltda.,Mairinque /SP
2465,Felipe Cury,felipe.cury@injex.com.br,Injex Pen Ind. e Com. de Artigos Plásticos Ltda.,Ourinhos /SP
2446,Mauricio,mauricio@durferrit.com.br,Durferrit do Brasil Química Ltda.,Diadema /SP
2473,Wesley,autimpex@autimpex.com.br,Autimpex Comercial Ltda.- Epp,Guarulhos /SP
2474,Rodrigo Esteves,r.esteves@vasitex.com.br,Schutz Vasitex Indústria de Embalagens S.A.,Guarulhos /SP
2477,Amuna,amuna@orioncores.com.br,Crw Corantes Ltda.,Americana /SP
2535,Elaine,adm@systecmetal.com.br,Systec Metalúrgica Ltda.,Vinhedo /SP
2538,Ediene Felício,efelicio@myersind.com,Myers do Brasil Embalagens Plásticas Ltda.,Jaguari&#250;na /SP
2537,Ana Maria,ana.coutinho@pelkote.com.br,Bray Controls Ind. de Válvulas Ltda.,Guarulhos /SP
2541,Simone,financeiro@ibbaloes.com.br,Ind. Brasileira de Balões S.A.,S&#227;o Roque /SP
2545,Michael Hof,michael.hof@welt-online.com.br,Welt Com. e Distribuição de Eletroeletrônicos Ltda.,Sorocaba /SP
2578,Jorge,importacao@othil.com.br,Cofix - Importação e Exportação de Frutas Ltda.,S&#227;o Paulo /SP
2546,Raquel,raquel@lbtlasers.com.br,LBT Laser Brasil Technology Com. Imp. e Exp. Ltda.,S&#227;o Paulo /SP
2601,Netto,compras@globalpetsa.com.br,Global Pet Reciclagem S.A.,S&#227;o Carlos /SP
2596,Marcel Alves,marcel.alves@flir.com.br,Flir Systems Brasil Com. de Câmeras Infravermelhas Ltda.,Sorocaba /SP
2622,Ligia,lgenova@ashland.com,Antalis do Brasil Produtos Para A Ind. Gráfica Ltda.,Americana /SP
2667,Henrique,henrique.contabil@ymail.com,Dellafrutta Comércio Atacadista de Frutas Ltda.,S&#227;o Paulo /SP
2687,Viviane Dias,vdias@ccllabel.com.br,CCL Label do Brasil Rótulos Adesivos S.A.,Vinhedo /SP
2719,Mariana Moreira / Valter Lopes,mariana.moreira@biomin.net,Biomin do Brasil Nutrição Animal Ltda.,Piracicaba /SP
2710,Tatiana Gelardo,volk@volkdobrasil.com.br,Elantas Isolantes Elétricos do Brasil Ltda.,S&#227;o Paulo /SP
2722,Moacir,mensageirafrutas@gmail.com,Mensageira Comércio e Importação de Frutas Ltda. - EPP,S&#227;o Paulo /SP
2762,Giovanna,giovanna@protcap.com.br,Killing Bahia Tintas e Adesivos Ltda.,S&#227;o Paulo /SP
2757,Juan Rodriguez,jrodriguez@redilembalagens.com.br,Redil Com. Imp. e Exp. de Embalagens Ltda.,Campinas /SP
2765,Berenice,bere@realfrutas.com.br,Real Frutas - Eireli,S&#227;o Paulo /SP
2766,Simone / Fernanda,metalms@metalms.com.br,Metalms Industrial Brasileira de Metais Ltda.,Aruja /SP
2767,Mônica,monica@bellis-technology.com.br,Bellis Tecnologia e Automação Ltda.,Mau&#225; /SP
2783,Leandro,import2@vinci.com.br,Vinci Importadora e Exportadora de Bebidas Ltda.,S&#227;o Paulo /SP
2789,José Luiz Braga,joseluiz.braga@mausergroup.com,Mauser do Brasil Embalagens Industriais S.A.,Suzano /SP
2788,Carlos Lima,carlos.lima@aromat.com.br,Prime do Brasil Ind. e Com. de Produtos Químicos Ltda.,S&#227;o Bernardo do Campo /SP
2791,Thiago,comex@fromm.com.br,Brasilpack Sistemas de Embalagens Ltda.,Jundia&#237; /SP
2795,Ana Paula Ferreira,anapaulaferreira@agrana.com,Agrana Fruit Brasil Ind. Com. Imp. e Exp. Ltda.,Cabre&#250;va /SP
2816,Carlos Coimbra,carlos@brnbrasil.com.br,BRN Brasil Industria e Comercio Ltda.,Araras /SP
2811,Walter,walter@lsembalagens.com.br,LS Embalagens Com. Serviços e Logística Ltda.,Guarulhos /SP
2817,Ana Camargo,ana.camargo@motoman.com.br,Motoman Robótica do Brasil Ltda.,Diadema /SP
2834,Rejane Santos,rejne.santos@cpicfiber.com,Cpic Brasil Fibras de Vidro Ltda.,Capivari /SP
2835,Ricardo,info@abctecnologias.com.br,ABC Equipamentos e Tecnologias Ambientais Ltda. - EPP,Vinhedo /SP
2838,Pedro,comercial@avkbr.com.br,AVK - Válvulas do Brasil Ltda.,Indaiatuba /SP
2840,Debora,debora@brasflower.com.br,Brasflower Imp. e Exp. de Flores e Frutas Ltda.,S&#227;o Paulo /SP
2854,Dovania,importacao@plantdefender.com.br,Plant Defender Tecnologia Agrícola Ltda.,Limeira /SP
2869,Greici Passos,greici.passos@glv.com,Gl&V Brasil Equipamentos Comercio e Serviços Ltda.,Campinas /SP
2882,Gilson Luehara,gluehara@valvoline.com,Valvoline do Brasil Lubrificantes Ltda.,S&#227;o Paulo /SP
2906,Renata,renata@haitian.com.br,Haitian Huayuan South America Comércio de Máquinas Ltda.,S&#227;o Roque /SP
2890,Roberto Laurindo,roberto.laurindo@unikap.com.br,Unikap do Brasil Ind. e Com. de Plásticos Ltda.,S&#227;o Bernardo do Campo /SP
2917,Cristiane Espin,cespin@ducoco.com.br,Ducôco Produtos Alimentícios S.A,S&#227;o Paulo /SP
2907,Diego,joecorrea@apramed.com.br,Apramed - Ind. e Com. de Aparelhos Médicos Ltda.,S&#227;o Carlos /SP
2923,Iara Diniz,iara.diniz@dierbergfragrancias.com.br,Dierberger Fragrâncias Ltda.,S&#227;o Paulo /SP
2925,Aryan,aryan@bravis.com.br,Bravis Coml. Exportadora Ltda. - EPP,S&#227;o Paulo /SP
2927,Denise,financeiro.denise@unicbrasil.com.br,Unicmaq Brasil Comércio de Máquinas e Instrumentos Ltda.,Vinhedo /SP
2934,Wellington Nogueira,wellington.nogueira@comvatec.com,BMD - Comércio de Produtos Médicos Ltda. - Comvatec,Itapevi /SP
2946,Carmem Barbosa,carmem.barbosa@harris-brastak.com.br,Harris Soldas Especiais S.A.,S&#227;o Paulo /SP
2943,Fernando Martins,fernando.martins@jbtc.com,John Bean Technologies Máquinas e Equipamentos Industriais Ltda.,Araraquara /SP
2950,Cristina Iorio / Thaina Leite,cristina.iorio@br.glory-global.com,Glory Global Solutions (Brasil) Máquinas e Equipamentos,S&#227;o Paulo /SP
2953,André,comercial@kopron.com,Kopron do Brasil Com. e Ind. de Equipamentos de Logística Ltda.,Jundia&#237; /SP
2960,Antônio,brasil@foss.dk,Foss do Brasil Instrumentos Analiticos e Soluções Dedicadas Ltda,S&#227;o Paulo /SP
2964,Paulo Pavan,ppavan@berrygood.com.br,Berrygood Com. Impo. e Distribuição de Frutas,S&#227;o Paulo /SP
2976,Anderson,anderson@winebrands.com.br,Winebrands Comercial e Imp. de Bebidas e Alimentos Ltda.,S&#227;o Paulo /SP
2996,Luciana Melo,lucianamelo@mepbrasil.com.br,Mep Brasil Com. e Serv. de Maq. e Equip. na Transformação de Aço,Piedade /SP
2999,Sheila,sheila@coremal.com.br,Coremal Com. e Representações Maia Ltda.,Cotia /SP
3033,Ligia,diretoria@koppert.com.br,Koppert do Brasil Holding Ltda.,Piracicaba /SP
3039,Juliano Pinheiro,juliano.pinheiro@iberoquimica.com.br,Iberoquimica do Brasil Ltda.,Jundia&#237; /SP
3065,Carlos Eduardo  / Cauby,dir.compras@york.com.br,York Ind. e Com. de Produtos Plásticos S.A.,Salto /SP
3086,Paula,brasil@favini.com,Favini do Brasil Importação e Venda de Papel Ltda.,S&#227;o Paulo /SP
3091,Rosemeire Lima,rosemeire.lima@exalbrazil.com.br,Exal Brasil - Fabricação de Embalagens de Alumínio Ltda.,Itupeva /SP
3097,Daniella,daniella@allucomaxx.com.br,Alucomaxx Brasil - Ind. e Com. de Revestimento Ltda.,Guarulhos /SP
3095,Carlos Lira,carloslira@abapapeis.com.br,Aba Distribuidora de Papeis Máquinas e Equipamentos Ltda.,S&#227;o Caetano do Sul /SP
3106,Cláudio Rômulo,leiner1@tdec.com.br,Leiner Davis Gelatin Brasil Ind. Com. Ltda.,Cotia /SP
3100,Rosiane,administrativo@emmeji.com,Emmegi do Brasil Máquinas e Equipamentos Industriais Ltda.,Indaiatuba /SP
3099,Jaqueline Santos,jsantos@coorstek.com,Coorstek do Brasil Materiais Avançados Ltda.,Vinhedo /SP
3133,Marilia Bashiera,marilia.bashiera@forplasembalagens.com.br,For-Plas Indústria de Embalagens Ltda.,Araras /SP
3119,Gabriel Ribeiro,gabriel.ribeiro@flow-tek.com,Flow Tek Ind. e Com. de Válvulas Ltda.,Paul&#237;nia /SP
3124,Jesiane Ferreira,jesiane.ferreira@waelzholz.com,Brasmetal Waelzholz S.A. Ind. e Com.,Diadema /SP
3138,Stella Pavlakis,stella.pavlakis@sonora.com,Advanced Bionics Instrumentos Auditivos do Brasil Ltda.,S&#227;o Paulo /SP
3147,Adriana Nunes,adriana.nunes@itt.com,ITT Bombas Goulds do Brasil Ltda.,Salto /SP
3141,José Alvaro Rodrigues,jose.rodrigues@metalferbrasil.arvedi.it,Arvedi Metalfer do Brasil S.A.,Salto /SP
3184,Fernanda Capelli,fcapelli@manitou-group.com,Manitou Brasil Imp. e Com. de Máquinas de Elevação Ltda.,Vinhedo /SP
3185,Gino Chiapetta,gino.chiapetta@polynt.com,Polynt Composites Brazil Ltda.,Tabo&#227;o da Serra /SP
3198,Edson Lima,edson.fidencio@mapaspontex.com.br,Mucambo S.A.,S&#227;o Paulo /SP
3218,Luciane Albuquerque /Roberto Belleno,luciane.albuquerque@tubex.com.br,Tubex Ind. e Com. de Embalagens Ltda.,Itupeva /SP
3220,Eduardo,emolinero@tajimadobrasil.com.br,Tajima do Brasil Com. e Imp. de Máquinas de Bordar Ltda.,S&#227;o Paulo /SP
3253,Priscila Merigio,priscila.merigio@xypd.com.br,Xypd do Brasil Embalagens Ltda.,Conchas /SP
3251,Heleno Junior,helenojunior@janome.com.br,Janome do Brasil Comércio de Máquinas Ltda.,S&#227;o Paulo /SP
3296,Katiuscia Paulon,katiuscia.paulon@alliancels.com,Alliance eo Brasil Máquinas ee Lavanderia Ltda.,S&#227;o Paulo /SP
3305,Douglas Carlo,douglas.carlo@clariant.com,Global Amines Comercio de Produtos Químicos Ltda.,Suzano /SP
3321,Luciana Sabino Rodrigues,comex@esab.com.br,Eutectic do Brasil Ltda.,S&#227;o Paulo /SP
3307,Luiz Carlos Gouveia,export@agaprint.com.br,Spp Agaprint Industrial Comercial Ltda.,Osasco /SP
3347,Adriana Affonso,compras@biomedical.ind.br,Biomedical Equip. e Produtos Médico-Cirúrgicos Ltda.,S&#227;o Paulo /SP
3349,Carlos Aguiar,dalca@correionet.com.br,Cervejarias Kaiser Brasil Ltda.,S&#227;o Paulo /SP
3363,Virginia de Freitas Pereira,valleexp@vallee.com.br,Vallee S.A.,S&#227;o Paulo /SP
3380,João Carlos dos Santos,joao.santos@bull.com.br,Bull Ltda.,S&#227;o Paulo /SP
3425,Flavia,flavia.giovana@polenghi.com.br,Polenghi Industrias Alimentícias Ltda.,S&#227;o Paulo /SP
3433,Marco,marco@cernet.com.br,Sistemas e Tecnologia Aplicada Ind.e Com. Ltda.,S&#227;o Paulo /SP
3493,Sonia Augusta,segrmv@polimix.com.br,Polimix Concreto Ltda.,Moji das Cruzes /SP
3478,Vivian,comercial@swagelok.com.br,Agroceres Nutricão Animal Ltda.,S&#227;o Paulo /SP
3504,Silvana,silvana.caires@anritsu.com,Anritsu Eletrônica Ltda.,S&#227;o Paulo /SP
3510,Debora Gonçalves,leonardo.gouveia@effem.com,F. M. B. Inc. e Cia.,Barueri /SP
3514,Paulo Afonso Gomes,doka@doka.com.br,Doka Brasil Formas Para Concreto Ltda,Guarulhos /SP
3540,Luiz Sérgio Bueno de Mattos,luiz_mattos@orica.com,Orica Brasil Ltda.,Lorena /SP
3549,Max Musqueira,mmusqueira@avaya.com,Avaya Brasil Ltda.,Barueri /SP
3562,Rogério,logistica@uniparcarbocloro.com.br,Carbocloro S.A. Indústrias Químicas,S&#227;o Paulo /SP
3554,Ruth Scheer,igal@igal.com.br,Indústria Geral de Aparelhos e Lentes Ltda.,S&#227;o Paulo /SP
3569,Julio Cesar Finardi,julio_cesar@alcatel-cabos.com.br,Nexans Brasil S.A.,Lorena /SP
3609,Gerson W. P. Barreto,scandiflex@scandiflex.com.br,Scandiflex do Brasil S.A. Indústrias Químicas,Mau&#225; /SP
3622,Eduardo José Gomes Gonçalves,subrasil@sabwabco.com.br,Sab Wabco do Brasil S.A.,S&#227;o Paulo /SP
3651,M. Carmen Kazniakowski,carmen.kazniakowski@flsmidth.com.br,F. L. Smidth Ltda.,S&#227;o Paulo /SP
3650,Lázaro Medeiros,rlopes@crowncork.com.br,Crown Cork Embalagens S.A.,Cabre&#250;va /SP
3686,Fabio Santos,fabio.santos@wheatonbrasil.com.br,Dinaco Importação Com. S/A,S&#227;o Bernardo do Campo /SP
3606,Gideon Koren,cassio@itw.com.br,Itw Mapri Ind. e Com. Ltda.,S&#227;o Paulo /SP
3643,Katia de Souza Silva,katia@zeiss.org,Carl Zeiss do Brasil Ltda,Sao Paulo /SP
3604,Daniela Maciel,daniela.maciel@ncr.com,Ncr Brasil Ltda.,S&#227;o Paulo /SP
3601,Cristiane Barcelos,ambriex@ambriex.com.br,Importação Indústria e Comércio Ambriex S.A.,Barueri /SP
3698,Edson Takahashi,sulzer.brasil@sulzer.com,Sulzer Brasil S.A.,S&#227;o Bernardo do Campo /SP
3623,Célia K. Campos,ckcampos@tmdfriction.com.br,TMD Friction do Brasil SA,Indaiatuba /SP
3805,Patricia,patricia_marketing@grandcru.com.br,Bioassist Comercial Ltda.,S&#227;o Paulo /SP
3699,Marisa Garcia,mgarcia@sbb.org.br,Sociedade Bíblica do Brasil,Barueri /SP
3802,Alessandra Bigatto,alessandra@ebco.com.br,Ebco Systems Ltda.,Sao Paulo /SP
3820,Fernando Ciciliano,fciciliano@interprint.com.br,Interprint Ltda.,S&#227;o Bernardo Do Campo /SP
3834,Rosangela Tomazini,rosangela_tomazini@yaskawa.com.br,Yaskawa Elétrico do Brasil Ltda.,S&#227;o Paulo /SP
3716,Alexandre Oliveira,amoliveira@ucdi.com.br,Unipar União de Indústrias Petroquímicas S.A.,Mau&#225; /SP
3868,Maurício Garcia,ascobrbr@ascoval.com.br,Ascoval Ind. e Com. Ltda.,S&#227;o Paulo /SP
3848,Luiz Fernado Martinez Mendes,aumund@aumund.com.br,Aumund Ltda.,S&#227;o Paulo /SP
3835,Marcos A. Nunes Vasconcelos,vendas.mercocitrico@tlna.com,Mercocítrico Fermentações S.A.,Sta. Rosa de Viterbo /SP
3847,Laercio,laercio@tradalbrazil.com.br,Mineração Caraíba S/A,S&#227;o Paulo /SP
3877,Afonso Celso Cosentino,bonetes@matrix.com.br,Weishaupt do Brasil Ind. e Com. Ltda.,S&#227;o Paulo /SP
3875,Fábio,imagraf@imagrafbrasil.com.br,Imagraf Ind. de Tintas Graficas Ltda.,Mairinque /SP
3891,Caio Salem,brasinoxaco@uol.com.br,Brasinox Aço Inoxidavel Ltda.,S&#227;o Paulo /SP
3871,Eduardo Antonio de Souza,brudden@brudden.com.br,Brudden Equipamentos Ltda.,Pomp&#233;ia /SP
3872,Shislene Campisi,edson.saniotto@inapel.com.br,Inapel Embalagens Ltda.,Guarulhos /SP
3884,Erika Werneck de Castro,vendas@polyclip.com.br,Poly Clip System Ltda.,Guarulhos /SP
3893,José Antonio Garcia Segovia,export@fabrima.com.br,Fabrima Máquinas Automáticas Ltda.,Guarulhos /SP
3879,Daniela,compras@dac.com.br,Sociedade Industrial de Plásticos Dac Ltda.,Guarulhos /SP
3874,André Correa,andre.correa@arrowbrasil.com.br,Arrow Brasil S.A.,S&#227;o Paulo /SP
3880,Alexander Korich,vendas@marles.com.br,Marles Ind. Têxtil Ecom. Limitada,S&#227;o Paulo /SP
3902,Luiz Antonio Ridigulo,lar@novaplast.com.br,Nova Plast Ind. e Com. Ltda.,Nova Odessa /SP
3896,Sônia Breda,sonia@ober.com.br,Ober S.A. Ind. e Com.,Nova Odessa /SP
3903,Fernanda Bagnara,fbagnara@kacyumara.com.br,Confecções Kacyumara Ltda.,Americana /SP
3911,Gilza Porto,gilza.porto@carbionox.com.br,Diatom Mineração Ltda.,Moji Das Cruzes /SP
3913,Jorge Mochizuki,coml@nachi.com.br,Nachi do Brasil Ind. e Com. Ltda.,Mogi das Cruzes /SP
3915,Margarida Marcussi,margarida@lordla.com.br,Lord Industrial Ltda.,Jundia&#237; /SP
3917,Patrícia,import@valdequimica.com.br,Valdequímica Produtos Químicos Ltda.,S&#227;o Paulo /SP
3905,Rogerio Calderon,minerios@ourobranco.com.br,Minerios Ouro Branco Ltda.,S&#227;o Paulo /SP
3919,Sérgio Dias Teixeira Junior,dalutex.exportacao@terra.com.br,Têxtil Dalutex Ltda.,S&#227;o Paulo /SP
3906,Criseli Alves Fernandes,claudia@avanco.ind.br,Avanco S.A. Ind. e Com. de Máquinas,S&#227;o Paulo /SP
3921,João Vicente Panellã Motta,grow@dialdata.com.br,Grow Jogos e Brinquedos S.A.,S&#227;o Bernardo do Campo /SP
3924,Adriano Quadros,alholouro@uol.com.br,Comercial e Importadora Louro Ltda.,S&#227;o Paulo /SP
3930,Ricardo Tsuboi,ndbmail@nethall.com.br,Nisshinbo do Brasil Ind. Têxtil Ltda.,S&#227;o Paulo /SP
3929,Delvia E.Batista,edwards@boc.com.br,Boc Edwards Brasil Ltda.,S&#227;o Paulo /SP
3935,Guido Adami Neto,brazil@fciconnect.com.br,Framatome Connectores Brasil Ltda.,S&#227;o Paulo /SP
3936,Wagner,wagner.imtex@energyarc.com.br,Energyarc Industrial Ltda.,S&#227;o Paulo /SP
3944,Alvaro,alvaro@ima.com.br,Ind. Metalúrgica Alli Ltda.,S&#227;o Paulo /SP
3939,Marco Antônio Momesso,cofibam@cofibam.com.br,Cofibam Condutores Elétricos Ltda.,Carapicu&#237;ba /SP
3945,Maria Cristina,diretoria@galzerano.com.br,Galzerano Ind. de Carrinhos e Berços Ltda.,Limeira /SP
3938,Flavia,vendas@acomacom.com.br,Aços Macom Ind. e Com. Ltda.,Guarulhos /SP
3937,Ricardo,importacao@arotec.com.br,Arotec S.A. Ind. e Com.,Cotia /SP
3961,Jochen Obser,thyssen@thyssen-tps.com.br,Thyssen Production Systems Ltda.,Diadema /SP
3962,Maria Cristina Alessio,wagnerlennartz@wagnerlennartz.com,Wagner Lennartz do Brasil Ind. e Com. de Serras Ltda.,Diadema /SP
3969,Daniel,daniel@fise.com.br,Fise-Fechoplast Industria de Sistemas para Esquadrias Ltda,S&#227;o Paulo /SP
3963,Haidy Busch Torres,pmb@putzmeister.com.br,Putzmeister Brasil Ltda.,Itapecerica da Serra /SP
3976,Luciana Ikuno,unicoba@unicoba.com.br,Unicoba Imp. e Exportação Ltda.,S&#227;o Paulo /SP
3970,Juliana Arena,juliana.lobello@ivoclarvivadent.com.br,Fobrasa Com. e Ind. de Máquinas Ltda.,S&#227;o Paulo /SP
3948,Manuel Marques Mendes,comercial@branyl.com.br,Branyl Com. e Ind. Têxtil Ltda.,S&#227;o Paulo /SP
3959,Giuliano Bertella,info@genco.com.br,Genco Química Industrial Ltda.,S&#227;o Paulo /SP
3951,Augusto Amaral Dutra,torres@torres.ind.br,Torres Ind e Com de Etiquetas e Adesivos Ltda.,S&#227;o Paulo /SP
3950,Kerstin Müller,kerstin.muller@atotech.com,Atotech do Brasil Galvanotecnica Ltda.,Tabo&#227;o da Serra /SP
3985,Gilmar,laborglas@laborglas.com.br,Laborglas Ind. e Com. de Materiais para Laboratório Ltda.,S&#227;o Paulo /SP
3984,Gerardo Fracassi,mgb@mandic.com.br,Maccaferri do Brasil Ltda.,Jundia&#237; /SP
3982,Claudia Guimarães,claudia.guimaraes@br.elofhansson.com,Prot Cap Artigos Para Proteção Industrial Ltda.,S&#227;o Paulo /SP
3987,Doris Mansani,doris.mansani@politec.net,Politec Imp. e Com. Ltda.,Barueri /SP
3991,Elisangela,elisangela@vitaliapapeis.com.br,Vitalia Com. de Papéis Ltda.,S&#227;o Paulo /SP
3981,Elaine,vendas@toyoda.com.br,Toyoda Koki do Brasil Ind. e Com. de Máquinas Ltda.,S&#227;o Paulo /SP
3983,Renato Gianette,brasil@samputensili.com.br,Samputensili do Brasil Ltda.,Jundia&#237; /SP
3994,Vladimir Malahodky,douglas@kanaflex.com.br,Kanaflex S.A. Ind. de Plásticos,Embu /SP
3997,Luis Gaspar,gaspar@lupo.com.br,Lupo S.A.,Araraquara /SP
3996,Kelly A. Barbosa,bksv@bksv.com.br,HBM do Brasil Ltda.,S&#227;o Paulo /SP
3999,José Gregório Alves Correia,gregorio@brasil.runhausen.com,Mr do Brasil Ind. Mecânica Ltda.,Embu /SP
4003,Rosana Aparecida Benevenuto,fuchsbr@uol.com.br,Fuchs do Brasil S/A,Jandira /SP
4001,Paulo Dornellas,marposs@br.marposs.com,Marposs Aparelhos Eletrônicos de Medição Ltda.,S&#227;o Paulo /SP
4000,Luís Carlos Xavier,muratec@muratec.com.br,Murata do Brasil Ind. e Com. Ltda.,Itaquaquecetuba /SP
4020,Neil Irarrázabal,marketing@rfsworld.com,Kmp Cabos Especiais e Sistemas Ltda.,S&#227;o Paulo /SP
4008,Dulcelina Dias,comunica@haverbrasil.com.br,Haver e Boecker Latinoamericana Máquinas Ltda.,Monte Mor /SP
4012,Marly Inson,deg@deg.com.br,Deg Importação de Produtos Químicos Ltda.,S&#227;o Paulo /SP
4026,Marcos Orlandele,orlandeli@osg.com.br,Osg Ferramentas de Precisão Ltda.,S&#227;o Paulo /SP
4023,Daniela,metalac@metalac.com.br,Metalac Sps Ind. e Com. Ltda.,Sorocaba /SP
4022,Maria de Lourdes de Oliveira,nagel@nagel.com.br,Nagel Brasil Máquinas e Ferramentas Ltda.,Salto /SP
4027,Monica O M Souza Zacarin,monica@polimold.com.br,Polimold Industrial S.A.,S&#227;o Bernardo do Campo /SP
4029,Murilo Ribeiro de Araujo,comex@melhoramentos.com.br,Melhoramentos Papéis Ltda.,S&#227;o Paulo /SP
4030,Vilma,vilma@caldex.com.br,Caldex Conexões e Equipamentos Ltda.,Diadema /SP
4031,Fabiano,incomaf@incomaf.com.br,Incomaf S.A. Ind. e Com.,Itaquaquecetuba /SP
4040,Carolina Pereira Lima Gropp,recepcao@casimp.com.br,C.A.S. Importação e Exportação Ltda,S&#227;o Paulo /SP
4039,Jones Carlos Louback,sampla@sampla.com.br,Sampla do Brasil Ind. e Com. de Correias Ltda.,S&#227;o Paulo /SP
4048,Harue Kajikawa,suzano@tessin.com.br,Tessin Ind. e Com. Ltda.,Suzano /SP
4054,Sergio Freitas / Marco Bosso,vendas@amphenol-tfc.com.br,Amphenol TFC do Brasil Ltda.,Campinas /SP
4050,Gisela Cazarini,gisela@cainco.com.br,Cainco Equipamentos para Panificação Ltda.,Bauru /SP
4053,Mary Lona,brasil@buckman.com.br,Buckman Laboratórios Ltda.,Sumar&#233; /SP
4044,Luiz Carlos Maradini,berkel@berkel.com.br,Berkel Chapas Acrílicas Ltda.,S&#227;o Bernardo Do Campo /SP
4074,Luiz Antônio Vicentini,vicentini@tilibra.com.br,Telebrás S.A. Produtos de Papelaria,Bauru /SP
4071,Cassia,cassia@mcmindustrial.com.br,MCM Química Indl. Ltda.,S&#227;o Paulo /SP
4068,"Franz Kienast, Peter Kratschmer",export@lopesco.com.br,Ind. de Subprodutos de Origem Animal Lopesco Ltda.,S&#227;o Paulo /SP
4076,Maria Carolina Leão,impex@jshayeb.com.br,J. Shayeb e Cia. Ltda.,Bauru /SP
4075,Cinthia / Karla / Everton / Gustavo,gonzalo.perez@ajax.com.br,Acumuladores Ajax Ltda.,Bauru /SP
4082,Edil Spalonsi Silva,deafi@daruma.com.br,Daruma Telecomunicações e Informática S.A.,Taubat&#233; /SP
4078,Carlos Hoesker,carlos.a.hoesker@invensys.com,Invensys Appliance Controls Ltda.,Sumar&#233; /SP
4090,Katia,rotatek@rotatek.com.br,Rotatek Brasil Equipamentos Gráficos Ltda.,Barueri /SP
4095,Rubi,rubi@agepress.com,Bio Soja Ind. Químicas e Biológicas Ltda.,Barueri /SP
4093,Valdir,contabilidade@catalisebrasil.com,Catalise Ind. e Com. de Metais Ltda.,Piracicaba /SP
4097,Elza Bonifacio,tiptoe@tiptoe.com.br,Tiptoe Ind. e Com. de Calçados Ltda.,Birig&#252;i /SP
4098,Cassia Regina Vanicola/Eduardo de Souza Moura,cvanicola@gdbr.com.br,G.D do Brasil Máquinas de Embalar Ltda.,S&#227;o Paulo /SP
4099,Debora Lima,debora.lima@trumpf.com.br,Trumpf Máquinas Indústria e Comércio Ltda.,Barueri /SP
4102,Paulo Sérgio Pompeu Motta,wsouza@metalleve.com.br,Mahle Metal Leve Miba Sinterizados Ltda.,Indaiatuba /SP
4119,Caio Rocha,caio.rocha@vick.com.br,Vick Comércio de Plásticos e Metais Ltda.,Carapicuiba /SP
4106,José Inácio Maia,inacio.maia@cardinal.com,Cardinal Health Brasil 402 Ltda.,Sorocaba /SP
4104,Pamela Rose de Simone,graf@grafbr.com.br,Graf Máquinas Têxteis Ind. e Com. Ltda.,Barueri /SP
4101,José,jose@stahl.com.br,Agrostahl S.A. Ind. e Com.,Mairinque /SP
4108,Vera Bonora Voltolim,info@msanet.com.br,Msa do Brasil Equip. e Instrumentos de Segurança Ltda.,Diadema /SP
4131,Waldimir Carlos Gandolfo,cury@aleph.com.br,Chapéus Vicente Cury S.A.,Campinas /SP
4123,Marocs Higo,mhigo@aisin-brasil.com.br,Aisin do Brasil Com. e Ind. Ltda.,Barueri /SP
4115,Joel,jppereira@psitecnologia.com.br,Psi Tecnologia Ltda.,S&#227;o Paulo /SP
4139,Maria José Nascimento Ferraz,comex@miracema-nuodex.com.br,Miracema Nuodex Ind. Química Ltda.,Campinas /SP
4130,Ademir Ferrari,fabio.pereira@rigesa.com.br,Rigesa Celulose Papel e Embalagens Ltda.,Campinas /SP
4143,José Roberto Vincinança,adere@adere.com,Adere Produtos Auto Adesivos Ltda.,Campinas /SP
4151,José Antonio Rodrigues,custos@altoastral.com.br,Editora Alto Astral Ltda.,Bauru /SP
4149,André Carreira,alcandre@citroplast.com.br,Citroplast Ind.e Comércio de Papéis e Plásticos Ltda.,Andradina /SP
4147,Ronaldo Akira Nishikawa,inteldept@ebara.com.br,Ebara Indústrias Mecânicas e Com. Ltda.,S&#227;o Paulo /SP
4152,Luis Fernando Consentino Pinheiro,export@nortene.com.br,Nortene Plásticos Ltda.,Barueri /SP
4153,Evandro Moreira,emoreira@lwarcel.com.br,Lwart Lubrificantes Ltda.,Len&#231;&#243;is Paulista /SP
4165,Márcia Zaidman,ipel@ipelbr.com.br,Ipel - Ind. de Pincéis e Embalagens Ltda.,Cajamar /SP
4155,Luís Poli Filho,alexandre.correa@wahler.com.br,Wahler Metalúrgica Ltda.,Piracicaba /SP
4161,Mariza C. Maset Nunes,marketing@norgren.com.br,Imi Norgren Ltda.,S&#227;o Paulo /SP
4166,Claudio Pagani,sac@br.ajinomoto.com,Ajinomoto Biolatina Ind. e Com. Ltda.,S&#227;o Paulo /SP
4170,Gerson R. M. Barbosa,acionamentos@vulkan-brasil.com.br,Vulkan do Brasil Ltda.,Barueri /SP
4173,Julio Kawano,info@kurita.com.br,Kurita do Brasil Ltda.,S&#227;o Paulo /SP
4175,Fernando Rodrigues Carballal,ctouro@curtumetouro.com.br,Curtume Touro Ltda.,Presidente Prudente /SP
4172,Alexandre Camargo,ines.rodrigues@seral.com.br,Seral do Brasil S.A. Ind. Metalúrgica,Osasco /SP
4179,José Martins,comex@yashica.com.,Kyocera - Yashica do Brasil Ind. e Com. Ltda.,Sorocaba /SP
4168,Alex Hoster,diret@niehoff.com.br,Niehoff Herborn Máquinas Ltda.,Barueri /SP
4190,Mario Coradi,flavio.siqueira@contini.com.br,Casa Di Conti Ltda.,C&#226;ndido Mota /SP
4180,Eduardo Boldrim,kauffmann@elterm.com.br,Elterm Resistências Elétricas Ltda.,Barueri /SP
4182,Mara Escotom,gulliver@gulliver.com.br,Lamedid Comercial e Serviços Ltda.,S&#227;o Caetano do Sul /SP
4192,Regiane,importacao@interlabdist.com.br,Interlab Distribuidora de Produtos Científicos S.A.,S&#227;o Paulo /SP
4198,Sonia M. B. Monici,sonia.monici@dovac.com.br,Dovac Indústria e Comércio Ltda.,S&#227;o Bernardo Do Campo /SP
4206,Antonio V. Possi,sermatec@sermatec.com.br,Sermatec Ind. e Montagens Ltda.,Sert&#227;ozinho /SP
4201,Vanessa Batista,vanessa.batista@scorp.com,Alumaq Locação e Com. de Máquinas de Solda Ltda.,Barueri /SP
4202,Marco Antonio,comex@arneg.com.br,Arneg Brasil Ltda.,Paul&#237;nia /SP
4224,Julio Cesar Bionchini,vendas@tgmturbinas.com.br,Princeton do Brasil Ind. e Com. Ltda.,Sert&#227;ozinho /SP
4222,Marilia Signorini Arbulu,marilia@siegling.com.br,Siegling Brasil Elem. de Transmissão e de Transporte Ltda.,Itapevi /SP
4209,Luciane de Carvalho,ldspoexsoy@ldcorp.com,Com. e Indústrias Brasileiras Coimbra S.A.,S&#227;o Paulo /SP
4218,Ermeson Pellin,tem@mte-thomson.com.br,Mte Thomson Ind. Com. Ltda.,S&#227;o Bernardo do Campo /SP
4219,Fátima,vendas@conexel.com.br,Conexel Conexões Elétricas Ltda.,S&#227;o Bernardo do Campo /SP
4207,João Carlos Vianna de Amorim,renkzanini@highnet.com.br,Renk Zanini S.A. Equipamentos Industriais,Cravinhos /SP
4220,Marcos,marcos@rinnai.com.br,Equipamentos NGK Rinnai Ltda.,Moji das Cruzes /SP
4229,José Waldir Beneti,corporativo.comercial@cipatex.com.br,Cipatex Impregnadora de Papéis e Tecidos Ltda.,Cerquilho /SP
4230,Gregório de Nadai Filho,selene@selene.com.br,Selene Ind. Têxtil S.A.,Cerquilho /SP
4238,Stassffan Martendal,com_exterior@aldoro.com.br,Aldoro Ind. de Pós e Pigmentos Metálicos Ltda.,Rio Claro /SP
4237,Livia Cristina,inpex@rein.ind.br,Ren Ind. e Com. Ltda.,S&#227;o Paulo /SP
4231,Pedro Pella,nautika@uol.com.br,Ind. Brasileira de Infláveis Nautika Ltda.,Guarulhos /SP
4247,Leticia Boretti,lboretti@solenis.com,Quimatec Produtos Químicos Ltda. - Solenis,Araraquara /SP
4232,Gislaine Aparecida Costa,gislaine@rmv.com.br,R M V Instrumentos Musicais Ltda.,Guarulhos /SP
4241,Marcio Kelen,marciokelen@kels.com.br,Industria Metaloquimica Kels Ltda,Diadema /SP
4244,Alexandre Germuts,germuts@rehau.com.br,Rehau Ind. Ltda.,Cotia /SP
4250,Diego,braslo@braslo.com.br,Braslo Produtos de Carnes Ltda.,Osasco /SP
4251,José Ferreira,amparo@uol.com.br,Minasa Trading International S.A.,Campinas /SP
4257,Antonio Mauricio,mauricio@afip.com.br,Associacão Fundo de Incentivo A Psicofarmacologia,S&#227;o Paulo /SP
4255,Simone,simone@anatine.com.br,Intercoffee Com. e Ind. Ltda.,Marilia /SP
4242,Luiza Alencar,robrasa@robrasa.ind.br,Robrasa Rolamentos Especiais Rothe Erde Ltda.,Diadema /SP
4258,Maria Inês Domingues,sharazaki@tyco-valves.com,Keystone do Brasil Ltda.,Sorocaba /SP
4268,Hoover de Oliveira Urbano Jr,compras@porcher.com.br,Porcher do Brasil Tecidos de Vidro Ltda.,Itu /SP
4261,Oraida Porto Dominguito,vferman@chtbr.com.br,Cht Brasil Química Ltda.,Cajamar /SP
4262,André Luís Guarniere,vendas@diadur.com.br,Diadur Ind. e Com. Ltda.,S&#227;o Paulo /SP
4271,Carlos Alberto Presa,exportation@igaratiba.com.br,Igaratiba Ind. e Com. Ltda.,S&#227;o Paulo /SP
4270,Celina Sato,supplier@bandeirantequimica.com.br,Bandeirante Química Ltda.,Mau&#225; /SP
4275,Mark Heinke,vendas@jmbzeppelin.com.br,Jmb Zeppelin Equipamentos Industriais Ltda.,S&#227;o Bernardo do Campo /SP
4277,Jonathan Alves Correa,export@sense.com.br,Sense Eletrônica Ltda.,S&#227;o Paulo /SP
4280,Sônia Regina Marciano,infocolbra@colorobbia.com.br,Colorobbia Brasil Produtos para Cerâmica Ltda.,Itatiba /SP
4284,Mario Lima,mariolima@amazonas.com.br,Amazonas Produtos para Calçados Ltda.,Franca /SP
4288,Sra. Gláucia Junqueira,International@gnatus.com.br,Gnatus Equipamentos Médico-Odontológicos Ltda.,Ribeir&#227;o Preto /SP
4291,Regiane,import@alamarr.com.br,Alamar Tecno Cientifica Ltda.,Diadema /SP
4290,Daniele Goncalves,importacao@cavemac.com.br,Cavemac Indl e Coml de Maqs Imp e Exp Ltda,Sao Paulo /SP
4292,Alexia Azevedo,recepcao@prodesmaq.com.br,Prodesmaq Ind. Gráfica Ltda.,Vinhedo /SP
4293,HEBER,export@induscabos.com.br,Induscabos Condutores Elétricos Ltda.,Po&#225; /SP
4295,Giseli Fernanda Oliviera,giseli@hoerbiger.com.br,Hoerbiger do Brasil Indústria de Equipamentos Ltda.,Cajamar /SP
4249,Antero,senoidal@senoidal.com.br,Senoidal Eletromecânica Ind. e Com. Ltda.,S&#227;o Paulo /SP
4298,Vanderlei Luiz Melchiori,comalarroz@comal.com.br,Comal-Arroz Ltda.,Mogi Das Cruzes /SP
4308,Carlos Cesar Bento Ferreira,carlos@microquimica.com,MicroQuímica Indústrias Químicas Ltda.,Campinas /SP
4296,Vania Lucia Feitosa,heraeus@uol.com.br,Heraeus Electro-Nite Instrumentos Ltda.,Diadema /SP
4313,Vanessa,vanessa@engereus.com.br,Engereus do Brasil Engenharia e Ind. Eletro Eletronica Ltda,Caieiras /SP
4310,Enrique Ponce Lopez,tatiane.exportacao@ortosintese.com.br,Ortosintese Ind. e Com. Ltda.,S&#227;o Paulo /SP
4311,Carlos Zanelatto,piovan@piovan.com.br,Piovan do Brasil Ind. e Com. Ltda.,Osasco /SP
4317,João Almeida Sobrinho,picpic@riberball.com.br,Riberball Mercantil e Industrial Ltda.,Ribeir&#227;o Preto /SP
4316,Eliseu Pereira,compras.eliseu@uci-farma.com.br,Uci Farma Indústria Farmacêutica Ltda.,S&#227;o Bernardo Do Campo /SP
4318,Jefferson,jefferson@cerviflan.com.br,Cerviflan Indl. e Coml. Ltda.,Guarulhos /SP
4321,Gisela Spinelli Vaz Lobo,comex@guaratingueta.com.br,Companhia Fiação e Tecidos Guaratinguetá,S&#227;o Paulo /SP
4324,José Ubaldino Rosa,asbg@asbg.com.br,Associated Spring do Brasil Ltda.,Campinas /SP
4319,Ailton,ailton@agroplanta.com.br,Agroplanta Industrias Químicas Ltda.,Batatais /SP
4322,Romeu Marcondes Monteiro Neto,mtu.brasil.rj@uol.com.br,Mtu do Brasil Ltda.,S&#227;o Paulo /SP
4329,Moacir Carlos Marchiori,sac@heraus-kulzer.com.br,Heraeus Kulzer South America Ltda.,S&#227;o Paulo /SP
4331,Gabriela,gabriela@cotiplas.com.br,Cotiplas Ind. e Com. de Artefatos Plásticos Ltda.,Laranjal Paulista /SP
4332,Alexandre Salomão Cohen,alexandre@cralplast.com.br,Cral Artigos para Laboratório Ltda.,Cotia /SP
4334,Antonio Ferreira,antonioferreira@kuka-roboter.com.br,Kuka Roboter do Brasil Ltda.,S&#227;o Paulo /SP
4335,Elisa Amaral,labordental@labordental.com.br,Labordental Ltda.,S&#227;o Paulo /SP
4338,Cassio Gomes / Gilberto,cassio.gomes@metalinox.com.br,Metalinox Aços e Metais Ltda.,S&#227;o Paulo /SP
4345,Creusa,assahi@assahimaquinas.com.br,Assahi Máquinas e Equipamentos Ltda.,S&#227;o Paulo /SP
4358,Viviane Silva,importacao@flexform.com.br,Flexform Ind. Metalúrgica Ltda.,Guarulhos /SP
4340,Orlando,orlando@jaguar.ind.br,Jaguar Ind. e Com. de Plásticos Ltda.,Jaguari&#250;na /SP
4356,Luis Fernando Valente,lvalente@comprint.com.br,Comprint Indústria e Comércio de Materiais Gráficos Ltda.,S&#227;o Paulo /SP
4359,Haroldo Paiva Correa Lima,haroldol@nec.com.br,Nec do Brasil S.A.,Guarulhos /SP
4361,Ana Luiza F. de Camargo,ana@fertivale.com.br,Fertivale Fertilizantes Vale do Tietê Ltda.,Pederneiras /SP
4360,Milton,milton@multitek.com.br,Multi Tek Imp. e Com. Ltda.,S&#227;o Paulo /SP
4363,Wagner Bonfim,wagner.bonfim@syngenta.com,Syngenta Seeds Ltda.,S&#227;o Paulo /SP
4370,Claudio De Benedictis,claudio@fruticolacacique.com.br,Frutícola Cacique Ltda.,S&#227;o Paulo /SP
4366,Fausto Cenedezi,atendimento@graficadigitalsaofrancisco.com.br,São Francisco Gráfica e Editora Ltda.,Ribeir&#227;o Preto /SP
4372,Humberto Martines Garcia,advc@sti.com.br,Advance Ind. Têxtil,V&#225;rzea Paulista /SP
4371,Mariza C. Souza,mariza@delquimica.com.br,DelQuímica Comercial Ltda.,Guarulhos /SP
4384,Claudia,claudia@bateriascral.com.br,Endress Hauser Controle e Automação Ltda.,Bauru /SP
4377,Rafael Lopes,khamelimportacao@terra.com.br,Khamel Representações Importação e Exportação Ltda.,S&#227;o Paulo /SP
4380,Isaac da Fonseca,vendas@mettler.com.br,Mettler Toledo Ind. e Com. Ltda.,Barueri /SP
4383,Armando Geraldo Bredariol,gbredariol@alpinatextil.net,Fiação Alpina Ltda.,Morungaba /SP
4386,Luiz Nishikawa,marcos@sunnyvale.com.br,Sunnyvale Comércio e Representações Ltda.,S&#227;o Paulo /SP
4387,Dr. Rudi Konrad,rkonrad@uniaoquimica.com.br,Biolab Sanus Farmacêutica Ltda.,S&#227;o Paulo /SP
4390,Anita,compras2@maxdel.ind.br,Indústria Metalúrgica Maxdel Ltda.,Mau&#225; /SP
4396,Hary Lugen Kahn,dir.comercial@cinpal.com.br,Cinpal Cia. Industrial de Peças para Automóveis,Tabo&#227;o da Serra /SP
4398,Flávia Guimarães,ney@chriscinto.com.br,Chris Cintos de Segurança Ltda.,S&#227;o Paulo /SP
4399,Mauricio,ricargraf@ricargraf.com.br,Ricargraf Gráfica e Editora Ltda,Cotia /SP
4421,João Paulo,joao.paulo@celocorteembalagens.com.br,Celocorte Embalagens Ltda.,Santana de Parna&#237;ba /SP
4424,Marisa,compras@emeb.com.br,Equipamentos Emeb do Brasil Ltda.,Itu /SP
4425,Camila,camilam@cobrametais.com.br,Cobra Metais Decorativos Ltda.,Itu /SP
4431,Estela Perez,estela@elubel.com.br,Elubel Indústria e Comércio Ltda.,Cotia /SP
4430,Kity Komaya,granol.ana@granol.com.br,Granol Ind. Com. e Exp. S.A.,S&#227;o Paulo /SP
4418,Rodolfo Domingues,rodolfo.domingues@hydro.com,Hydro Alumínio Acro S/A,Itu /SP
4402,Luciene,import@vmppapeis.com.br,VMP Papéis para Embalagens Ltda.,Guarulhos /SP
4423,Edmilson Ferreira,schin@schincariol.com.br,Primo Schincariol Ind. de Cervejas e Refrigerantes S.A.,Itu /SP
4407,José Lúcio Casteliano,hubner@hubner.com.br,Hübner Sanfonas Industriais Ltda.,Ca&#231;apava /SP
4432,Juan Carlos Moscovich,juan@etilux.com.br,Etilux Ind. e Com. Ltda.,S&#227;o Paulo /SP
4436,Antônio Carlos Zaqueti,fides@zaz.com.br,Fiação Fides S.A.,Jundia&#237; /SP
4440,Renata,renatas@vetbrands.com.br,Sespo Ind. e Com. Ltda.,Jacare&#237; /SP
4437,Flavia,consistec@consistec.com.br,Consistec Controles e Sistemas de Automação Ltda.,S&#227;o Paulo /SP
4460,Renata Fioravante,renata.fioravante@campari.com,Campari Brasil Ltda.,Barueri /SP
4451,Clarissa Boni,clarissaboni@voridian.com,Voridian do Brasil Ltda.,S&#227;o Paulo /SP
4453,Milton Zaven,milton.zaven@ropecas.com.br,Ro-Peças Rolamentos e Mancais Ltda.,S&#227;o Paulo /SP
4461,Vera Lucia Marchi,itw.brasil@itw.com.brcom.br,Itw do Brasil Industrial e Comercial Ltda.,S&#227;o Paulo /SP
4459,Carlos,carlos@oxyquimica.com.br,Oxy Química e Metalúrgica Ltda.,Juquitiba /SP
4441,Daniel Mehler,adatex@adatex.com.br,Adatex S.A. Industrial e Comercial,Jacare&#237; /SP
4457,André Santos,a.santos@mshimizu.com.br,M Shimizu Elétrica e Pneumática Ltda.,S&#227;o Paulo /SP
4438,Roberson  / Tadeu,roberson@agrariafert.com.br,Agrária Ind. e Com. Ltda.,Jardin&#243;polis /SP
4466,Douglas Mariano,contato@paletrans.com.br,Paletrans Equipamentos Ltda.,Cravinhos /SP
4467,Vitor,compras2@adecol.com.br,Adecol Indústria Química Ltda.,Guarulhos /SP
4479,Fernando Cruz Gonzalez,exim@astra-sa.com.br,Astra S.A. Ind. e Com.,Jundia&#237; /SP
4475,Luis Carlos Perez,mercom@correiasmercurio.com.br,Correias Mercúrio S.A. Ind. e Com.,Jundia&#237; /SP
4478,Aparecida Rosa,uig.jdi@terra.com.br,Universal Indústrias Gerais Ltda.,S&#227;o Paulo /SP
4487,Rose Morilla,exportacao@kuka.com.br,Kuka Produtos Infantis Ltda.,S&#227;o Paulo /SP
4484,Maria Gorete Castelani,ntplant@correionet.com.br,Nutriplant Ind. e Com. Ltda.,Paul&#237;nia /SP
4490,Cláudio Zoega,zelha@ecil.com.br,Ecil Produtos e Sistemas de Medição e Controle Ltda.,Piedade /SP
4491,Katia,inductotherm@inductotherm.com.br,Inductotherm Group Brasil Ltda.,Indaiatuba /SP
4494,Nanci Tramarico,importacao@omron.com.br,Omron Eletrônica do Brasil Ltda.,S&#227;o Paulo /SP
4501,Karin Almeida,karin.almeida@lemitar.com.br,Aços Caporal Ind. e Com. Ltda.,S&#227;o Paulo /SP
4508,Antônio Carlos Ottani,info@burigotto.com.br,Burigotto S.A. Ind. e Com.,Limeira /SP
4507,Valter Munhões,cmunhoes@pticorp.com.br,Pti Power Tansmission Industries do Brasil S.A.,S&#227;o Paulo /SP
4509,Nilda Maria Carneiro,nilda@synth.com.br,Labsynth Produtos Para Laboratórios Ltda,Diadema /SP
4524,Renata Torneli,rh@wilvale.com.br,Chicago Pneumatic Brasil Ltda.,S&#227;o Paulo /SP
4533,Geovana,promat@promat.com.br,Promat Indústria e Comércio Ltda.,S&#227;o Paulo /SP
4520,Patrícia,oximig@oximig.com.br,Oximig Ind. e Com. Ltda.,S&#227;o Paulo /SP
4523,Diana,comex@arpol.com.br,Arpol Tintas Tecnologia Ltda.,Osasco /SP
4529,Cleide Amaro,camaro@gnresound.com.br,Gn Resound Industria e Comercio de Aparelhos Auditivos Ltda,Sao Jose dos Campos /SP
4525,Eliseo Mota,aberg@mcpeng.com.br,Mcp Consultoria e Engenharia Naval Ltda.,Santos /SP
4537,Sergio Zini,vendas.peroxidos@solvay.com,Peróxidos do Brasil Ltda.,S&#227;o Paulo /SP
4549,José Eduardo Casarin,sales@marilan.com,Marilan Alimentos S.A.,Mar&#237;lia /SP
4543,Lígia Okita,brozemetal@bronzemetal.com.br,Bronze Metal Indústria e Comércio Ltda,Sao Paulo /SP
4566,Marcelo Paludetto,democrata@democrata.com.br,Democrata Calçados e Artefatos de Couro Ltda.,Franca /SP
4571,Jair Menardi,mult_trigo@terra.com.br,Jair Menardi & Cia Ltda.,S&#227;o Jos&#233; do Rio Pardo /SP
4578,Erico Credidio Turco,desfar@terra.com.br,Des-Far Laboratórios Ltda.,S&#227;o Paulo /SP
4576,Kimiko Yabase,spraybr@mandic.com.br,Spraying Systems do Brasil Ltda.,S&#227;o Paulo /SP
4573,Carlos / Wilson,carlos@multicarnes.com.br,Multicarnes Com. de Alimentos Ltda.,S&#227;o Paulo /SP
4559,Carlos Assis,assis@dori.com.br,Dori Alimentos S/A,Mar&#237;lia /SP
4564,Sergio,crosslink@crosslink.com.br,Brasif S/A Exp. Imp.,Barueri /SP
4579,Ligia,ligia.comex@acoespecial.com.br,Acoespecial Coml. Ltda.,S&#227;o Paulo /SP
4581,Luiz Eduardo Brunoro,rojek@rojek.com.br,Metalgráfica Rojek Ltda.,Cajamar /SP
4585,Roberto Ceder,cuisine@elgin.com.br,Elgin Cuisine,S&#227;o Paulo /SP
4587,Nilton,marketing@converplast.com.br,Converplast Embalagens Ltda.,Guarulhos /SP
4593,Sandra Felix,sandra.felix@balluff.com.br,Balluff Controles Elétricos Ltda.,Vinhedo /SP
4604,João B. Martins,cestari@cestari.com.br,Cestari Industrial e Comercial S.A.,Monte Alto /SP
4594,Marcus Vinicius Rosabone,export@klin.com.br,Klin Produtos Infantis Ltda.,Birig&#252;i /SP
4602,Patricia Braile,silvana@braile.com.br,Braile Biomédica Ind. Com. Representações S.A.,S&#227;o Jos&#233; do Rio Preto /SP
4606,Rogério de Marchi,rogerio@demarchi.com.br,De Marchi Ind. e Com. de Frutas Ltda.,Jundia&#237; /SP
4595,Mauro Cavalcante,eduardo.breda@ipaper.com,Champion Papel Celulose Ltda.,S&#227;o Paulo /SP
4600,Debora Fernanda Barbosa,secampe@secampe.com.br,Ind. Eletromecânica Balestro Ltda.,Mogi-Mirim /SP
4616,Andre Tavan,fatima@funcex.org.br,Iglu Comercial e Importadora Ltda.,Marilia /SP
4632,Sérgio Laurean,bbcind@bbcind.com.br,B B C Ind. e Com. Ltda.,Itupeva /SP
4629,Antonio Cordeiro Rosa Neto,neto@morlan.com.br,Morlan S.A.,Orl&#226;ndia /SP
4633,Paulo Cezar Rezende,blanver@blanver.com.br,Blanver Farmoquímica Ltda.,Cotia /SP
4618,Rodolpho Saraphin,dep.vendas@deven.ind.br,Denver-Ind. e Com. Ltda.,Suzano /SP
4619,Carlos,nortesul@nortesul.net,Com. de Equipamentos Norte Sul Ltda.,S&#227;o Paulo /SP
4625,Dany,dany@rojemac.com.br,Carbinox Ind. e Com. Ltda.,S&#227;o Paulo /SP
4648,Bruno,oxiquimica@oxiquimica.com.br,Cerealista Rosalito Ltda.,Jaboticabal /SP
4638,Paula,oswaldocruz@ocq.com.br,Oswaldo Cruz Quimica Ind. e Com. Ltda.,Guarulhos /SP
4646,Ana Claudia Figueiredo,exportacao@ferracini.com.br,Calçados Ferracini Ltda.,Franca /SP
4634,Christian Langenegger,christian.langenegger@sefarlatinoamerica.com,Color Screen Ind.e Com. de Materiais Serigraficos Ltda.,S&#227;o Paulo /SP
4650,Claudia,mazda@mazdanet.com.br,Mazda Embalagens Ltda.,Caieiras /SP
4651,Wernes Babbe,canpac@canpac.com.br,Canpac Comércio e Representações Ltda.,S&#227;o Paulo /SP
4667,Fernanda,fernanda@hidroall.com.br,Hidroall do Brasil Ltda.,Valinhos /SP
4660,Manoel Vital,laob@alfhanet.com.br,Laob Bioquímicos Ltda.,S&#227;o Paulo /SP
4671,Evandro Moreira,emoreira@lwart.com.br,Lwarcel Celulose e Papel Ltda.,Len&#231;&#243;is Paulista /SP
4659,Neusa Domingos Ramos,compras_formtap@hotnet.com.br,Formitap Ind. e Com. S.A.,Diadema /SP
4661,Daniel Saieg Wolkind,realum@realum.com.br,Realum Ind. e Com. Ltda.,S&#227;o Paulo /SP
4658,Sofia Rovath,exports@multicel.com.br,Multicel Ind. e Com. Ltda.,S&#227;o Bernardo do Campo /SP
4668,Cláudia Machia,selco@asatnet.com.br,Selco Vedações Dinâmicas Ltda.,S&#227;o Bernardo do Campo /SP
4656,Marco,compras@instrutherm.com.br,Instrutherm Instrumentos de Medição Ltda,Sao Paulo /SP
4673,Cristiane Mesiano,cris.mesiano@flamex.com.br,Flamex Comércio Importação e Exportação Ltda.,S&#227;o Caetano Do Sul /SP
4672,André Trazzi,andre.trazzi@tetralon.com.br,Tetralon Ind e Com de Equipamentos Industriais Ltda.,S&#227;o Paulo /SP
4682,Luis Aurélio Ferreira Azzolino,salesdep@widesoft.com.br,Citrus Colloids S.A.,Limeira /SP
4689,Cristina Fabiano,cristina@opto.com.br,Opto Eletrônica S.A.,S&#227;o Carlos /SP
4686,Mirian,mirian@multilloy.com.br,Multialloy Metais e Ligas Especiais Ltda.,Sao Paulo /SP
4683,Cláudio José,engeturb@aleph.com.br,Dresser-Rand do Brasil Ltda.,Campinas /SP
4698,Priscila Prado,sbs@sbs.com.br,Sbs - Special Book Services Livraria Ltda.,S&#227;o Paulo /SP
4685,Marcia,supane@ame.com.br,A.M.E Eletrônica Ltda.,S&#227;o Paulo /SP
4704,Edmundo Damian Faibro,info@spectrun.com.br,Spectrun Bio Engenharia Medica Hospitalar Ltda,Sao Paulo /SP
4707,Moacir Kasuo Matsuda,soma.regina@attglobal.net,Soma Soluções Magnéticas Ind. e Com. Ltda.,Ribeir&#227;o Pires /SP
4696,Egon Scheiber,mausa@mausa.com.br,Mausa S.A. Equipamentos Industriais,Piracicaba /SP
4706,Jose Marcos Boni Costa,diretoria@marcoboni.com.br,Florence Industrial e Comercial Ltda.,Itapecerica Da Serra /SP
4712,Paulo Macari,andrezaenxovais@andrezaenxovais.com.br,Oliveira Lopes Ltda.,Ibitinga /SP
4715,Cristina,edalbras_import@edalbras.com.br,Edalbras Ind. e Com. Ltda.,Guarulhos /SP
4727,Ana Maria,ana@handle.com.br,Handle Com. de Equipamentos Médicos Ltda.,Ribeir&#227;o Preto /SP
4716,Edenir Andrade,serac@uol.com.br,Serac do Brasil Ind. e Com. Ltda.,Osasco /SP
4743,Adriana Regina Leite,adrianaleite@kellogg.com.br,Kellogg Brasil e Cia.,S&#227;o Paulo /SP
4733,Srº Nassi,telmac@telmac.com.br,Telmac Comércio Importação e Exportação Ltda.,Ribeir&#227;o Preto /SP
4732,Fabio,fabio@maqmoveis.com.br,MaqMóveis Industria e Comércio de Móveis Ltda.,Taquaritinga /SP
4741,Robert Josephe,stoller@stoller.com.br,Stoller do Brasil Ltda.,Cosmopolis /SP
4730,Érika Rosa,vendas@rdt.com.br,Rosenberger Domex Telecomunicações Ltda.,S&#227;o Jose dos Campos /SP
4720,André Marques,marine@francanet.com.br,Ind. e Com. de Calçados e Artigos de Couro Mariner Ltda.,Franca /SP
4744,Aldemiro Bignarde Jr.,jacto@jacto.com.br,Máquinas Agrícolas Jacto S.A.,Pomp&#233;ia /SP
4746,André,administracao@frisokar.com.br,Frisokar Equipamentos Plásticos S.A.,Bariri /SP
4748,Adriano Aparecido de Andrade,antonio.jacob@mvta.com.br,Morro Vermelho Táxi Aéreo Ltda,Sao Paulo /SP
4749,Sr. Brici,brici@endo-flex.com.br,Gfe do Brasil Ltda,Campinas /SP
4766,Paulo Garcia,import@staner.com.br,Sonotec Eletrônica Ltda.,Presidente Prudente /SP
4752,Thiago Silva,contato@mundialtractor.com.br,Mundialtractor Com. Imp. e Exp. Ltda.,S&#227;o Paulo /SP
4771,Nilse Simoes,importacao@dupiza.com.br,Dupiza Comércio Importação Exp. e Distribuição Ltda.,S&#227;o Paulo /SP
4768,Beth,beth@carbomec.com.br,Carbomec Ind. de Produtos Eletromecânicos Ltda.,S&#227;o Paulo /SP
4762,Ficher,dina@dina.com.br,Dynar Automatização Industrial Ltda,Sao Paulo /SP
4767,Fernanda,export@mapol.com.br,Mapol Ind. e Com. Ltda.,S&#227;o Paulo /SP
4773,Marcelo Massa,resistente@linhasresistente.com.br,Indústria e Comércio de Linhas Resistente Ltda.,Poa /SP
4775,Sanda Yamashiro,compras@buw.com.br,Emcomex Empresa de Comércio Exterior Ltda.,S&#227;o Paulo /SP
4778,Neiva,ncimas@sancordobrasil.com.br,Sancor do Brasil Produtos Alimentícios Ltda,Barueri /SP
4779,Rodrigo Delfino De Lima,unival@unival.com.br,Unival Comércio de Válvulas e Acessórios Industriais Ltda.,S&#227;o Paulo /SP
4784,Rodrigo Babeto,rodrigo@pecompe.com.br,Pe com Pe Calçados Ltda.,Birig&#252;i /SP
4783,Lídia Chang,dpacifico@chemtrend.com.br,Chem-Trend Ind. Inc. e Cia.,Valinhos /SP
4785,Valdir,stoklux@uol.com.br,Marultex Ind. e Com. de Produtos Ópticos Ltda.,Mau&#225; /SP
4786,Nagib Destro,jlcapacitores@tavola.com.br,Jl Capacitores Ltda,Barueri /SP
4793,Araujo,vmaraujo@solenis.com,Hércules do Brasil Produtos Químicos Ltda. - Solenis,S&#227;o Paulo /SP
4794,Paula,paula@pilarquimica.com.br,Pilar Química do Brasil Ltda.,Aracariguama /SP
4789,Camila Palma,camila.palma@alphaprint.com.br,Alphaprint Comercio Imp. Exp. Ltda.,S&#227;o Paulo /SP
4797,Michelle,compras@alfaterm.com.br,Alfaterm Ind. e Com. Ltda.,Santana de Parna&#237;ba /SP
4806,Sérgio Romero,sergio.romero@zodiac.com.br,Zodiac Produtos Farmacêuticos S.A.,Pindamonhangaba /SP
4801,Rita Bueno,rita@trisoft.com.br,Trisoft Têxtil Ltda.,Itapevi /SP
4808,Luiz Eugenio Pedro De Freitas,dinagro@dinagro.com.br,Dinagro Agro Pecuaria Ltda.,Ribeir&#227;o Preto /SP
4813,José Forte,cf@comercialforte.com.br,Comercial Forte Ltda.,S&#227;o Paulo /SP
4812,Derci Comandini,rozeli.bel@bel.com.br,Bel Produtos Alimentícios Ltda.,Mar&#237;lia /SP
4818,Simone Grimaldi,simone@prafesta.com.br,Prafesta Ind. e Com. Ltda.,Mairipor&#227; /SP
4825,Robson José Paiva,suprimentos@marvitubos.com.br,Marvitubos Tubos e Peças Hidráulicas Ltda.,Ribeir&#227;o Preto /SP
4828,Rina,carol.rina@caras.com.br,Editora Caras S.A.,S&#227;o Paulo /SP
4820,Yuri Sahuy,comex@drycolor.com,Dry Color Especialidades Químicas Ltda.,Cosm&#243;polis /SP
4829,Antônio Romualdo da Silva,expo@riclan.com.br,Riclan S.A.,Rio Claro /SP
4837,Everson Targas,export@plasutil.com.br,Plasutil - Ind. e Com. de Plásticos Ltda.,Bauru /SP
4844,Fernando,secafe@secafe.com.br,Secafe Cortes e Artefatos de Arame Ltda.,S&#227;o Paulo /SP
4845,Cássio Omura,cnc@dimensional.com.br,Dimensional Equipamentos Elétricos Ltda.,Limeira /SP
4860,Florêncio Félix,florencio.felix@sig.biz,Sig Pack Ltda.,Barueri /SP
4857,José Rubens Klaus,jrklaus@covolan.com.br,Covolan Ind. Têxtil Ltda.,Santa B&#225;rbara D&#39;Oeste /SP
4864,João Dalmina,pampili@pampili.com.br,Calçados Kolli's Ind. e Com. Ltda.,Birig&#252;i /SP
4865,Jose Alves Ferreira,Jose.AlvesFerreira@damovo.com,Damovo do Brasil S.A.,S&#227;o Paulo /SP
4870,Edmilson Boteon,edmilson.boteon@embramaco.com.br,Grupo Embramaco - Empresa Brasileira de Materiais para Construção,Santa Gertrudes /SP
4869,Carlos Alberto Grandeza,cgrandeza@datiquim.com.br,Datiquim Produtos Químicos Ltda,Sao Paulo /SP
4873,Luiz,luiz@samot.com.br,Ind. Mecânica Samot Ltda.,S&#227;o Paulo /SP
4875,Luciano Riguini,mase@mase.com.br,Mase Produtos Químicos e Farmacêuticos Ltda.,S&#227;o Paulo /SP
4878,Sarita Ortiz,saritaortiz@empax.com.br,Empax Embalagens Ltda.,S&#227;o Paulo /SP
4879,Wellington Costa,wellington.costa@eletrisol.com.br,Eletrisol Ind. e Com. Ltda.,Jundia&#237; /SP
4883,Vashi Montovani,monark@monark.com.br,Bicicletas Monark S.A.,S&#227;o Paulo /SP
4884,José Teiji Suzuki,ergomat@ergomat.com.br,Ergomat Ind. e Com. Ltda.,S&#227;o Paulo /SP
4889,Ary Ferderico Torres Neto,brassinter@brassinter.com.br,Brassinter S.A. Ind. e Com.,S&#227;o Paulo /SP
4903,Edvaldo Oliveira Silva,edvaldosilva@morganitecadinhos.com.br,Morganite Brasil Ltda.,Embu /SP
4896,Renato Cinti,rcinti@buntech.com.br,Bun-Tech Tecnologia em Insumos Ltda.,S&#227;o Paulo /SP
4908,Rafael,supply@aryzta.com.br,Aryzta do Brasil Alimentos Ltda,S&#227;o Paulo /SP
4887,Nilton Tumonis,vendas@cyklop.com.br,Cyklop do Brasil Embalagens S.A.,Diadema /SP
4909,Antonio Ferreira Da Silva,proar@proar-aviacao.com.br,Proar - Aeronaves e Revisões Ltda.,S&#227;o Paulo /SP
4893,Luís Francisco Vieira,financ@asvotec.com.br,Asvotec Termoindustrial Ltda.,S&#227;o Paulo /SP
4888,Juliana Saraiva,juliana.saraiva@prada.com.br,Cia. Metalúrgica Prada,S&#227;o Paulo /SP
4915,Iris Braun,megh@uol.com.br,Megh Ind. e Com. Ltda.,S&#227;o Paulo /SP
4942,Norberto,norberto.a@duraauto.com.br,Dura Automotive Systems do Brasil Ltda.,Rio Grande da Serra /SP
4944,Sueli Nakama,iqbc@iqbc.com.br,I.Q.B.C.Produtos Químicos Ltda.,Diadema /SP
4949,Mayumi Maeda,mmaeda@cce.com.br,Componel Ind. e Com. Ltda.,S&#227;o Paulo /SP
4920,Eliana Brito,vossht@vossht.com.br,Voss - Ht Ltda.,S&#227;o Paulo /SP
4953,Jose Adolfo Trevelin / Renata Faggioni,ourofinovet@ourofino.com,Produtos Veterinários Ouro Fino Ltda.,Ribeir&#227;o Preto /SP
4929,Mário Andrade,petitmarie@petitmarie.com.br,Petite Marie Quím. Fina Ind.e Com. de Prod. Químicos Ltda.,Itaquaquecetuba /SP
4930,Cida,compras@brasforma.com.br,Brasforma Ind. e Com. Ltda.,S&#227;o Paulo /SP
4947,Amanda Fontana,amanda.fontana@mardel.com.br,Metalúrgica Mardel Ltda,Ribeirao Pires /SP
4963,Robson,robson@apoloinformatica.com.br,Apolo Tecnologia e Informática Comercial Ltda,Sao Paulo /SP
4959,Christiane Satty Katsumata,export@evergreen.com.br,Ever Green Ind. e Com. Ltda.,S&#227;o Bernardo do Campo /SP
4966,Eduardo Alves,mtbcomex@bollhoff.com.br,Mollertec Bollhoff Ltda.,Jundia&#237; /SP
4967,Ricardo Veloso,bollhoff@bollhoff.com.br,Bollhoff Service Center Ltda.,Jundia&#237; /SP
4987,Dave Brooks,cbernard@bernardoquimica.com.br,Bernardo Química S.A.,S&#227;o Vicente /SP
4975,Olívia Agnelli,olivia.agnelli@globalfood.com.br,Globalfood Sistemas Ingredientes e Tecnologia para Alimentação Lt,S&#227;o Paulo /SP
4978,Sheila Cristina Collino,labonathus@labonathus.com.br,Labonathus Biotecnologia Internacional Ltda.,S&#227;o Paulo /SP
4968,Otavio A. Gonçalves,otavio@devir.com.br,Devir Livraria Ltda.,S&#227;o Paulo /SP
4986,Nilton Fernandes Joyce,lsantos@saoma.mitsui.com,Mitsui Alimentos Ltda.,Santos /SP
4997,Alessandra Climaco Guidi Ou Maildo,chemyunion@chemyunion.com.br,Chemyunion Química Ltda.,Sorocaba /SP
4999,William Nicolau,corporativo.comercial@cipatex.com.br,Cipatex - Sintéticos Vinílicos Ltda.,Cerquilho /SP
5004,Andréa,andrea@toyomatic.com.br,Toyo Matic Com. e Ind. de Máquinas Ltda.,Bragan&#231;a Paulista /SP
5002,Glaucia,compras@ibratecgrafica.com.br,Ibratec Artes Gráficas Ltda.,Barueri /SP
5019,Mrilene Dias,hotmelt@nordson.com.br,Nordson do Brasil Ind. e Com. Ltda.,Barueri /SP
5023,Edson da Mata Santos,damata_arim@uol.com.br,Arim Componentes para Fogão Ltda.,Santana de Parna&#237;ba /SP
5025,Odilo Alves,vitrotec@vitrotec.com.br,Vitrotec Vidros de Segurança Ltda.,Campo Limpo Paulista /SP
5012,Jorge /Betânia,jorge@arthi.com.br,Arthi Comercial Ltda.,S&#227;o Paulo /SP
5016,Sonia Santos,soniasantos@biosoja.com.br,Danny Com. Imp. e Exp. Ltda.,S&#227;o Joaquim da Barra /SP
5026,Luiz Henrique da Silva Freitas,vendas@herbicat.com.br,Herbicat Ltda.,Catanduva /SP
5027,Claudette Tapias,claudette.tapias@vistatek.com.br,Vistatek Produtos Óticos Ltda.,S&#227;o Paulo /SP
5034,Edson Farias,edson.farias@panini.com.br,Panini Brasil Ltda.,Barueri /SP
5030,Nilva Gonçalves,nilva@viapol.com.br,Viapol Ltda.,S&#227;o Paulo /SP
4932,Agnaldo Victor Fafarro,polo@traex.com.br,POLO COMERCIO INTERNACIONAL LTDA,S&#227;o Paulo /SP
5035,Paolo Fiorleta,marketing@metroval.com.br,Metroval Mecânica e Medição Ltda.,Nova Odessa /SP
5044,Lais dos Santos,financeiro@chiaperini.com.br,Chiaperini Indl. Ltda.,Santa Rosa de Viterbo /SP
5036,Joaquim Esteves,joaquim.esteves@hbr.net,HBR Equipamentos Ltda.,S&#227;o Paulo /SP
5048,Elisa Akemi M. Hirokawa,eakemi@autometal.com.br,Autometal S.A.,Diadema /SP
5043,Daniel,supply@basilequimica.com.br,Basile Química Industria e Comercio Ltda.,S&#227;o Paulo /SP
5053,Gilberto Murgia,eribeiro@apv.com,Apv South America Ind. e Com. Ltda.,S&#227;o Bernardo do Campo /SP
5068,Edinei Barderi,vendas@asbrasil.com.br,Asbrasil S.A.,S&#227;o Bernardo do Campo /SP
5057,Claudio Roberto de Araujo,export@termomecanica.com.br,Termomecânica São Paulo S.A.,S&#227;o Bernardo do Campo /SP
5052,Antônio Cláudio Almeida,jacuzzi@zaz.com.br,Jacuzzi do Brasil Ind. e Com. Ltda.,It&#250; /SP
5049,Roberto Oliveira,bacardisbc@visualbyte.com.br,Bacardi Martini do Brasil Ind. Com. Ltda.,S&#227;o Bernardo do Campo /SP
5070,Daniela,royce@royce.com.br,Royce Connect Ar Condicionado para Veículos Ltda.,Santo Andr&#233; /SP
5073,GRACIELA R. BOARETI,office@inylbra.com.br,Inylbra Tapetes e Veludos Ltda.,Diadema /SP
5071,Alaide dos Santos Cunha,corticei@fox.com.br,Corticeira Paulista Ltda.,Jundia&#237; /SP
5082,Renato Rebolho,rrebolho@nilpel.com.br,Nilpel Ind. e Com. de Papéis Ltda.,S&#227;o Paulo /SP
5093,Nilcéia Rishieri,nilceia@uliana.com.br,Uliana Ind. Metalúrgica Ltda.,Suzano /SP
5079,Gilcy,gilcy@brasilcraft.com.br,Centro Auditivo Oto Sonic Comércio Exp.Importação Ltda.,S&#227;o Paulo /SP
5094,Fatima/Daniela,fatima@hemogram.com.br,Hemogram Ind. e Com. de Prod. Hospitalares Ltda.,S&#227;o Paulo /SP
5088,Jean Silva,jean.silva@alvenius.ind.br,Alvenius Equipamentos Tubulares Ltda.,Cotia /SP
5083,Sr. Hercio,tectextil@textextil.com.br,Tectextil Embalagens Têxteis Ltda.,Piracicaba /SP
5086,José Alexandre M. Maful,supfeb@ferroenamel.com.br,Ferro Enamel do Brasil Ind. e Com. Ltda.,S&#227;o Bernardo do Campo /SP
5104,Cinthia Alvarenga,cinthia.alvarenga@daiffproart.com.br,Daihatsu Ind. e Com. de Móveis e Aparelhos Elétricos Ltda.,S&#227;o Paulo /SP
5113,Edilson Dominicheli,edilson.dominicheli@pertech.com.br,Pertech do Brasil Ltda.,S&#227;o Bernardo do Campo /SP
5115,João Pallottine,jpallottine@chemtra.com.br,Chemtra Comercial Imp. e Exp. Ltda.,S&#227;o Paulo /SP
5096,Paulo Cesar Saldanha Rodrigues,injex@injex.com.br,Injex Indústrias Cirúrgicas Ltda.,Ourinhos /SP
5101,Sylvio Tuma Salomão,acotecnica@acotecnica.com.br,Açotécnica S.A. Ind. e Com.,Jandira /SP
5099,Luiz Sérgio Campanhão,comex@mitutoyo.com.br,Mitutoyo Sul Americana Ltda.,S&#227;o Paulo /SP
5097,Sandra Yamashiro,sandra.yamashiro@vanleer.com,Van Leer Embalagens Industriais do Brasil Ltda.,S&#227;o Paulo /SP
5117,Rogerio Forlani,exp@toledobrasil.com.br,Toledo do Brasil Ind. de Balanças Ltda.,S&#227;o Paulo /SP
5100,Sérgio,sbj@ts.com.br,Fratex Ind. e Com. Ltda.,S&#227;o Paulo /SP
5107,Ângelo Pedro Squassoni,faberexports@linkway.com.br,A. W. Faber Castell S.A.,S&#227;o Carlos /SP
5120,Marcelo,mrodrigues@nutricamp.com.br,Nutricamp - Produtos Agropecuários Ltda.,Campinas /SP
5121,Denise Ortiz,denise@ipel.com.br,Ipel-itibanyl Produtos Especiais Ltda.,Jarinu /SP
5123,Jaime Splettstoser Júnior,luizcarlos@elfusa.com.br,Elfusa Geral de Eletrofusão Ltda.,S&#227;o Paulo /SP
5133,Luciano Baptista,luciano.baptista@inbrasp.ind.br,Inbrasp - Indúustria Brasileira de Plásticos Ltda.,Botucatu /SP
5138,Olívia,olivia@cennabras.com.br,Cennabras Ind. e Com. Ltda.,Guarulhos /SP
5149,Sebastião Machado,smachado@heatcraftbrasil.com.br,Heatcraft do Brasil Ltda.,S&#227;o Jos&#233; dos Campos /SP
5126,Ivo Saldanha,comercial@engepack.com.br,Engepack Embalagens São Paulo Ltda.,S&#227;o Paulo /SP
5139,Renato Carneiro,flygt@flygt.com.br,Flygt do Brasil S.A.,S&#227;o Paulo /SP
5142,Diogo Passos,diogo@epice.com.br,Epice Importação Comércio e Representacões Ltda.,S&#227;o Paulo /SP
5154,Marcelo,centerval@centerval.com.br,Centerval Indl. Ltda.,Piracicaba /SP
5152,Floriano,floriano@amplimatic.com.br,Amplimatic S.A. Ind. e Com.,S&#227;o Jose Dos Campos /SP
5125,Adalberto de Oliveira Bento,exportacao@jazam.com.br,Pompéia S.A. Ind. e Com. - Jazam Alimentos,Pomp&#233;ia /SP
5155,Sergio Ioshio Sassaki Beppu,poli@polinutri.com.br,Poli-nutri Alimentos Ltda,Osasco /SP
5156,Neuza,vendas@promaflex.com.br,Promaflex Industrial Ltda.,S&#227;o Paulo /SP
5157,Sidnei,suprimentos@ideaquimica.com.br,Idea Química Ltda.,Barueri /SP
5160,Paulo Strube,messtek@bohnen.com.br,Bohnen Messtek - Importação e Comércio de Equipamentos Ltda.,S&#227;o Paulo /SP
5164,Gustavo Sampaio,gustavo.sampaio@interchange-vet.com.br,Interchange Veterinária Ind. e Com. Ltda.,Campinas /SP
5172,Milton Cardoso,grammer@atinet.com.br,Grammer do Brasil Ltda.,Atibaia /SP
5171,Maurício F. do Nascimento,diretoriasbo@snaponsun.com.br,Sun Electric do Brasil Com. e Ind. Ltda.,Sta. B&#225;rbara D&#39;Oeste /SP
5183,Vera Costa,berlan@uol.com.br,Malharia Berlan Ltda.,S&#227;o Paulo /SP
5182,Luciano Sanches,luciano.sanches@biovet.com.br,Laboratório Bio Vet S.A.,Vargem Grande Paulista /SP
5175,Claudio Marques,comext@fujifilm.com.br,Fuji Photo Film do Brasil Ltda.,S&#227;o Paulo /SP
5187,Sílvio Acuno,pecplanabs@pacplanabs.com.br,Pecplan Abs Imp. e Exp. Ltda.,S&#227;o Paulo /SP
5190,Norma,compras@editoradcl.com.br,Editora DCL - Difusão Cultural do Livro Ltda.,S&#227;o Paulo /SP
5194,Maria Conceicao Ferracine,diretoria@siti.com.br,Siti S.A. Soc. de Instalaçoes Termoelétricas Industriais,Mogi Guacu /SP
5201,Michele Capriglione / Sérgio Henrique Claro,sifdir@sifco.com.br,Sifco S.A.,Jundia&#237; /SP
5195,Viviane Santareli,dubuit@uol.com.br,Dubuit do Brasil Serigrafia Ind. e Com. Ltda.,Guarulhos /SP
5210,Rogerio Franceschelli,compras@salcisne.com.br,Refinaria Nacional de Sal S.A. - Sal Cisne,S&#227;o Paulo /SP
5206,Marly Aparecida De Lima,client@samaritano.com.br,Sociedade Hospital Samaritano,S&#227;o Paulo /SP
5221,Regis Barbosa,regis.primicia@uol.com.br,Primicia S.A. Ind. e Com.,S&#227;o Paulo /SP
5226,Alex Alves,mecano@mecano.com.br,Mecano Fabril Ltda.,Osasco /SP
5230,Fabiana Teles,fabiana@una.com.br,Ind. Química Una Ltda.,Itaquaquecetuba /SP
5229,Renato Martinelli,export@invictaonline.com.br,Sobral Invicta S.A.,S&#227;o Paulo /SP
5231,Wilson Romero Vieira,mauro@vapmolas.com.br,Wapmolas Tibor Ind. e Com. Ltda.,Barueri /SP
5234,Vasco,acosvic@acosvic.com.br,Aços Vic Ltda.,S&#227;o Paulo /SP
5236,Furlan Jr.,bia.importacao@bruck.com.br,Bruck Imp. Exp. e Com. Ltda.,S&#227;o Paulo /SP
5248,Maria Teresa Campos,teresasm@ipt.br,Instituto de Pesquisas Tecn do Est de S P S.A. I P T,S&#227;o Paulo /SP
5249,Christian Kaufmann,vendas@gehaka.com.br,Ind. e Com. Eletro Eletrônica Gehaka Ltda.,S&#227;o Paulo /SP
5250,Erwin Herbert Kaufmann,assistec@vedacit.com.br,Otto Baumgart Ind. e Com. S.A.,S&#227;o Paulo /SP
5267,Laura Dobelli,laura@dianapaolucci.com.br,Diana Paolucci S.A. Ind. e Com.,S&#227;o Paulo /SP
5272,Veridiana Estevo,vendas@ficael.com.br,Coml. Ficael Ltda.,S&#227;o Paulo /SP
5260,Andre Vie Hsan Liu,andre@allflavors.com.br,Yah Sheng Chong Com. e Ind. Ltda.,S&#227;o Paulo /SP
5256,Tatiane,comercioexterior@alberflex.com.br,Alberflex Ind. de Móveis Ltda.,Sorocaba /SP
5263,Frederico Wongtschowski,ksbbombas@ksbbombas.com.br,Ksb Bombas Hidráulicas S.A.,V&#225;rzea Paulista /SP
5269,Ricardo Figueredo,yak.impex@originet.com.br,Yakult S.A. Ind. e Com.,S&#227;o Paulo /SP
5274,Luiz,luiz@feltrossantafe.com.br,Ind. de Feltros Santa Fé S.A.,Guarulhos /SP
5279,Davi,vendas@farnellnewark.com,Wheaton Brasil Vidros Ltda.,Diadema /SP
5278,Roberto,capricornio@capricornio.com.br,Capricórnio S.A.,S&#227;o Paulo /SP
5280,Euclides J. Rigon,euclides@usiquimica.com.br,Usiquímica do Brasil Ltda.,S&#227;o Paulo /SP
5284,Marines Faggian,marines.faggian@tpinet.com.br,TPI Molplastic Ltda.,S&#227;o Paulo /SP
5291,Nelson Junqueira,quirios@quirios.com.br,Quirios Produtos Químicos Ltda.,S&#227;o Paulo /SP
5294,Vera,administrativo@twiltex.com.br,Twiltex Industrias Têxteis Ltda.,S&#227;o Paulo /SP
5299,Shirley Fukiko Imai,fatec@ibm.net,Fatec S.A.,S&#227;o Paulo /SP
5292,Rubens Peres Júnior,export@acrilex.com.br,Acrilex Tintas Especiais S.A.,S&#227;o Bernardo do Campo /SP
5303,Milton Jun Nakashima,sanyotex@sanyotex.com.br,Sanyotex Ltda. .,S&#227;o Paulo /SP
5300,Mario Matsumoto,exportacao@tradbras.com.br,Tradbras S/A,S&#227;o Paulo /SP
5306,Antônio Lesli,comercial@schadek.com.br,Metalúrgica Schadek Ltda.,Porto Feliz /SP
5313,Henrique Zillo,biorigin@zilloren.com.br,Açucareira Quata S.A. - Biorigin,Quat&#225; /SP
5312,Edson Preste,bravox@bravox.com.br,Bravox S.A. Ind. e Com. Eletrônico,S&#227;o Paulo /SP
5317,Cristina,ortocir@ortocir.com.br,Ortocir Ortopedia Cirurgia Ltda.,S&#227;o Paulo /SP
5326,Glaudio,dimartino@dimartino.com.br,Di Martino Indústrias Metalúrgicas Ltda.,S&#227;o Paulo /SP
5319,Renato,renato@intercomquimica.com.br,Intercom Comercio de Produtos Químicos Ltda,Sao Paulo /SP
5327,Carlos Muller,metaltex@metaltex.com.br,Produtos Eletrônicos Metaltex Ltda.,S&#227;o Paulo /SP
5336,Jailson,erik.parronchi@quimicanastacio.com.br,Ind. Química Anastácio S.A.,S&#227;o Paulo /SP
5329,Soraya,marketing@widex.com.br,Centro Auditivo Widex-brasitom Ltda,Sao Paulo /SP
5337,José Carlos Viana,correio@dormer.com.br,Dormer Tools S.A.,S&#227;o Paulo /SP
5344,Aldo de Andail,eximp@montana.com,Montana Química S.A.,S&#227;o Paulo /SP
5341,Silvio Molinari,madsem@americana.rms.slb.com,Schlumberger Indústrias Ltda.,Campinas /SP
5342,Nilson Fioravante Donato,nash@correionet.com.br,Nash do Brasil Bombas Ltda.,Campinas /SP
5345,Florisvaldo de Melo,marli.martins@buhlergroup.com,Buhler S.A.,S&#227;o Paulo /SP
5346,Adriano Nacif,setta@setta.com.br,Linhas Setta Ltda.,S&#227;o Paulo /SP
5347,Sheila Moreira,placas@onca.com.br,Onca Indústrias Metalúrgicas S.A.,Valinhos /SP
5356,Augusto Marcelo Gabriel,anticorrosiva@uol.com.br,Anticorrosiva do Brasil Ltda.,Ribeir&#227;o Preto /SP
5348,Pamela Sotckinge,importacao@robertet.com.br,Robertet do Brasil Indústria e Comércio Ltda.,Barueri /SP
5352,Sergio Rapoport,olimpus@olimpus.com.br,Olimpus Industrial e Comercial Ltda.,S&#227;o Paulo /SP
5357,Fernanda,fernanda@cliptech.com.br,Tecflux Ltda.,Itupeva /SP
5362,Humberto Ustoliar,ecil@ecil-trading.com.br,Empreendimento Comercial Industrial Ecil Ltda.,S&#227;o Paulo /SP
5365,João Carlos Fernandes Lopes,marceloc@netpoint.com.br,Colauto Adesivos e Massas Ltda.,S&#227;o Paulo /SP
5366,Carlos,cabottini@portofinobrasil.com.br,Portofino Ind. e Com. de Plásticos Ltda.,S&#227;o Paulo /SP
5364,Ariel Hamoui,ariel@fullfit.com.br,Full Fit Industria Importação e Comercio Ltda,Sao Paulo /SP
5370,Helena Pocas Leitao,editoras@ibep-nacional.com.br,IBEP -  Instituto Brasileiro de Edições Pedagogicas Ltda.,S&#227;o Paulo /SP
5373,Paulo César Amarai Maluf,sinterizados@metalpo.com.br,Metalpo Ind. e Com. Ltda.,S&#227;o Paulo /SP
5376,Aparecido Sandre,qg@qginox.com.br,Q.G. Ind.e Comércio de Acessórios Industriais Ltda.,S&#227;o Paulo /SP
5375,Juliano Oni,doural@doural.com.br,Assad Abdalla Neto & Cia Ltda.,S&#227;o Paulo /SP
5384,Leonardo,leonardo.prosperi@dsm.com,Colombo Industria e Comercio Ltda,Sao Paulo /SP
5385,Steven Dabbah,steven@nadir.com.br,Nadir Figueiredo Ind. e Com. S.A.,S&#227;o Paulo /SP
5389,Pedro Henrique A. Pucci,bband@brinquedosbandeirante.com.br,Brinquedos Bandeirante S.A.,S&#227;o Paulo /SP
5392,Vanessa,imp.exp.@cbfcorp.com.br,Rolamentos CBF Ltda.,S&#227;o Paulo /SP
5397,Gilson Hirakawa,ghirakawa@veeder.com.br,Veeder Root do Brasil Com. e Ind. Ltda.,S&#227;o Paulo /SP
5386,Hilton Nunes - Diretor Comercial,sales@bann.com,Bann Química Ltda.,S&#227;o Paulo /SP
5398,João Soares,joao.soares@gep.com.br,Gep Ind. e Com. Ltda.,S&#227;o Paulo /SP
5399,Valdir Siedschlag,decar@decar.com.br,Decar Autopeças Ltda.,S&#227;o Paulo /SP
5409,Carla Fernandes,reinaldo@canuto.com.br,Livraria Canuto Ltda.,S&#227;o Paulo /SP
5428,Hélio José da Silva,belmetal.sp@belmetal.com.br,Belmetal Ind. e Com. Ltda.,S&#227;o Paulo /SP
5414,Marcos Stahl,export@niasi.com.br,Niasi S.A.,Taboao da Serra /SP
5436,Antonio Carlos,sukira@terra.com.br,Macron Indústria Gráfica Ltda.,S&#227;o Paulo /SP
5437,Claudio Macedo,claudio.macedo@dimep.com.br,Dimas de Melo Pimenta S.A. Ind. de Relógios,S&#227;o Paulo /SP
5432,Ignácio Muza Mancilha Filho,produto@margirius.com.br,Mar Girius Continental Ind. de Cont. Elétricos Ltda.,Porto Ferreira /SP
5440,Rosana Hermínio,rosana.herminio@midland-quimica.com.br,Midland Química do Brasil Ltda.,Cotia /SP
5441,Pedro Mesquitella Macedo,vendas@santher.com.br,Santher Fábrica de Papel Santa Therezinha S.A.,S&#227;o Paulo /SP
5443,Raimundo Brant,mlopes@schrader.com.br,Schrader Bridgeport Brasil Ltda.,Jacare&#237; /SP
5448,Angela Garofalo,linhanyl@linhanyl.com.br,Linhanyl S.A. Linhas para Coser,S&#227;o Paulo /SP
5446,Gérson Domingos Zílio,export@casp.com.br,Casp S.A. Ind. e Com.,Amparo /SP
5444,Abner Santana,simone.mantovani@brascola.com.br,Brascola Ltda.,S&#227;o Bernardo do Campo /SP
5449,Teodoro Canossa,inbra@originet.com.br,Inbra Indústrias Químicas Ltda.,Diadema /SP
5447,Sheila Regina Ferreira,marketing@wika.com.br,Wika do Brasil Ind. e Com. Ltda.,Ipero /SP
5450,Walter,expo@jahu.com.br,Comercial Jahu Borrachas e Autopeças Ltda.,S&#227;o Paulo /SP
5454,Messias Fiel de Souza,frabini@ibm.net,Rassini - Nhk Autopeças S.A.,S&#227;o Bernardo do Campo /SP
5452,Meguro,hi.meguro@mitsui.com.br,Mitsui Brasileira Imp. e Exp. S.A.,S&#227;o Paulo /SP
5466,Sofia Costa,brampac@brampac.com.br,Brampac S.A.,S&#227;o Paulo /SP
5468,Gilberto de Lemos Ribeiro,gilberto@trifil.com.br,Ind. de Meias Scalina Ltda.,Guarulhos /SP
5471,Ngan Hiu Chun,nelson.impex@semptoshiba.com.br,Semp Toshiba S.A.,S&#227;o Paulo /SP
5472,Isaura Tozan,isauratozan@azumakirin.com.br,Ind. Agrícola Tozan Ltda.,Campinas /SP
5487,Marco Antonio Oliveira,oliveira@tigre.com.br,Pincéis Tigre S.A.,S&#227;o Paulo /SP
5489,Rinaldo Silva,rinaldo.silva@ftd.com.br,Editora FTD S.A.,Guarulhos /SP
5490,Jorge Geganti,jtortelli@panamco.com.br,Spal - Ind. Brasileira de Bebidas S.A.,S&#227;o Paulo /SP
5496,Antonio Augusto,durazzo@uol.com.br,Durazzo & Cia Ltda.,S&#227;o Paulo /SP
5500,Renata Pinheiro e Campos,steam@spirax-sarco.com.br,Spirax Sarco Ind. e Com. Ltda.,Cotia /SP
5498,Armando Azevedo da Silva,exportacao@jandaia.com,Ind. Gráfica Jandaia Ltda.,S&#227;o Paulo /SP
5499,Nilo Cotini Filho,amelia@brasilgrafica.com.br,Brasilgrafica S.A. - Indústria e Comércio,Barueri /SP
5501,Marcio Casquet da Matta,export@lopesco.com.br,Kienast e Ratschmer Ltda.,S&#227;o Paulo /SP
5502,Eunice Souza Oliveira,oetker@oetker.com.br,Oetker Produtos Alimentícios Ltda.,S&#227;o Paulo /SP
5503,Sérgio Teixeira Rolão,impacta@impacta-brazil.com.br,Impacta S.A. Ind. e Com.,Cajamar /SP
5504,Aldaiza Bergamo,importacao@giannini.com.br,Giannini S.A.,Salto /SP
5512,Silvana Santana,silvana@doutex.com.br,Dou Tex S.A. Ind. Têxtil,S&#227;o Paulo /SP
5506,Eduardo Yoshida,pilotpen-pilot@pop-0.sti.com.br,Pilot Pen do Brasil S.A.,S&#227;o Paulo /SP
5509,Lidia Oliveira,lidia.oliveira@agrosystem.com.br,"Agrosystem Com., Importação e Exp. Ltda.",Ribeir&#227;o Preto /SP
5529,Sra. Teiko,teiko@itochu.com.br,Itochu Brasil S/A,S&#227;o Paulo /SP
5531,José Morales,atendimento@azevedooleos.com.br,A Azevedo Ind. e Com. de Óleos Ltda.,S&#227;o Paulo /SP
5536,Carlos Alberto da Silva,carlos.export@pacaembuautopecas.com.br,Pacaembu Autopeças Ltda.,S&#227;o Paulo /SP
5534,Padre Arno Brustolin,diretor.mkt@paulius.org.br,Pia Sociedade de São Paulo,S&#227;o Paulo /SP
5532,Carolina Machado,carolina.exp@foroni.com.br,Ind. Gráfica Foroni Ltda.,S&#227;o Paulo /SP
5539,Reinaldo Costa Júnior,liotecnica@liotecnica.com,Liotécnica Ind. e Com. Ltda.,Embu /SP
5549,Isabel Robles,espabra@espabra.com.br,Espabra Generos Alimentícios Ltda.,Osasco /SP
5565,Roberto Correa de Mello,carnevalli@carnevalli.com,A. Carnevalli Cia. Ltda.,Guarulhos /SP
5566,Renato,financeiro@alumaq.com.br,Parabor Ltda.,Campinas /SP
5562,Samir Tarobori,miriam@merheje.com.br,Michel Merheje e Cia. Ltda.,Barueri /SP
5555,Antônio Celso Liberal,comercial@dyna.com.br,Eletromecânica Dyna S.A.,Guarulhos /SP
5554,Marcia Barbulin,vendas@leal.com.br,Indústria e Comércio Leal Ltda.,Campo Limpo Paulista /SP
5559,Marcio,compras@luminartintas.com.br,Luminar Tintas e Vernizes Ltda.,S&#227;o Paulo /SP
5561,Alvaro Silva,fjunior@siciliano.com.br,Siciliano Sa,Sao Paulo /SP
5567,Edson Aprígio Lopes de Mattos,baumer@baumer.com.br,Baumer S.A.,Mogi-Mirim /SP
5548,Mauricio,marketing@honeywell.com,Honeywell do Brasil Ltda.,Barueri /SP
5568,Osmar Rodrigues Oliveira,vendas@macprado.com.br,Macprado Produtos Oftálmicos Ltda.,Osasco /SP
5569,Peter Gruber,panambra@panambraindustrial.com.br,Panambra Industrial e Técnica S.A.,S&#227;o Paulo /SP
5586,Mário Ribeiro de Almeida,bernauer@bernauer.com.br,Ventiladores Bernauer S.A.,S&#227;o Paulo /SP
5584,Hanna Joetten,schunk@schunk.com.br,Schunk do Brasil Sinterizados e Eletrografites Ltda.,Cotia /SP
5589,Jane Aparecida Diogo Bottura,isa.avicola@uol.com.br,Isa Avícola Ltda.,Salto /SP
5601,Serafím José Lorenzo V.,ibarcomercioexterior@ig.com.br,Indústrias Brasileiras de Artigos Refratários - Ibar Ltda.,Po&#225; /SP
5579,Carlos Massao Yamasaki,diretoria@macco.com.br,Macco Máquinas e Acessórios Ltda.,S&#227;o Paulo /SP
5596,Rodrigo,compras@capuani.com.br,Capuani do Brasil Ltda.,Tiete /SP
5587,Angêla Lopes Mei,angela_lopes_mei@westpharma.com,West Phamaceutical Service Brasil Ltda.,Diadema /SP
5577,Tânia Menardo,importexport@carbonolorena.com.br,Carbono Lorena S.A.,S&#227;o Paulo /SP
5582,Marta Kranz,exportacao@fibam.com.br,Fibam Companhia Industrial,S&#227;o Bernardo do Campo /SP
5603,Solange Souza,solange.souza@alpino.com.br,Alpino Ind. Metalúrgica Ltda.,Jundia&#237; /SP
5605,Valdemir Gomes Siqueira,valdemir.gomes@fademac.com.br,Fademac S.A.,S&#227;o Paulo /SP
5609,Eduardo,eduardo@tum.com.br,Trefilação União de Metais S.A.,S&#227;o Bernardo do Campo /SP
5620,Karla Gomes,kgomes@sgtecnologia.com.br,Sg Tecnologia Clinica Ltda.,Sao Paulo /SP
5613,Persio,comex@carci.com.br,Carci Ind. Com. Aparelhos Cirúrgicos e Ortopédicos Ltda.,S&#227;o Paulo /SP
5630,Ricardo Rodrigues,rrodrigues@camargocorrea.com.br,Construções e Com. Camargo Corrêa S.A.,S&#227;o Paulo /SP
5618,Claudia Schillerwein,info@btwbr.com.br,Boehler Thyssen Técnica de Soldagem Ltda.,S&#227;o Paulo /SP
5626,Solange / Jaqueline,solange@dabasons.com.br,Dabasons Imp. Exp. e Com. Ltda.,S&#227;o Paulo /SP
5614,Denis,forpal@forpal.com.br,Fornecedora de Papel Forpal S.A.,S&#227;o Paulo /SP
5629,Francisco Augusto Redondo,rosset@ibm.net,Rosset e Cia. Ltda.,S&#227;o Paulo /SP
5631,Mario Borelli,andreab@mapri-textron.com.br,Brazaço Mapri Indústrias Metalúrgicas S.A.,S&#227;o Paulo /SP
5634,Jose Luis Luciano Bueno,chemicon@chemicon.com.br,Chemicon S.A. - Indústrias Químicas,S&#227;o Paulo /SP
5633,Frederic Breyton,telemsa@uol.com.br,Técnicas Eletro Mecânicas Telem S.A.,S&#227;o Paulo /SP
5646,Tania Regina Moreti,vivian.cunha@indebras.com.br,Indebras Ind. Eletromecânica Brasileira Ltda.,S&#227;o Paulo /SP
5661,Sr. Didier,brasil@ggbearings.com,Glacier Garlock Bearings do Brasil Ltda.,Barueri /SP
5636,Alexandre Kumai,alexandre.kumai@delga.com.br,Delga Ind. e Com. Ltda.,Diadema /SP
5641,Heraldo / André,export@indbandeirante.com.br,Ind. Bandeirante de Artef. de Plásticos e Madeira Ltda.,S&#227;o Paulo /SP
5656,Alessandra Banci,alessandra.banci@benefecencia.org.br,Real e Benemerita Sociedade Portuguesa de Beneficencia,S&#227;o Paulo /SP
5648,Margareth Matsumoto,toyota_tsusho@toyotsu.com.br,Sociedade Comercial Toyota Tsusho do Brasil Ltda.,S&#227;o Paulo /SP
5667,Fernando Cardoso,fcardoso@cutrale.com.br,Sucocítrico Cutrale Ltda.,Araraquara /SP
5653,Karin Brigitte Guth,export@erwinguth.com.br,Erwin Guth Ltda.,S&#227;o Paulo /SP
5668,Luis,luis@adaime.com.br,Adaime Imp. e Exp. Ltda.,Valinhos /SP
5673,Antonio Carlos Gonçalves,emicol@emicol.com.br,Emicol Eletro Eletrônica S.A.,Itu /SP
5674,Vagner Faccini,hoesch@ibm.net,Krupp Hoesch Molas Ltda.,S&#227;o Paulo /SP
5687,Wagner de La Rovera Pinto,export@zaraplast.com.br,Ind. e Com. de Plásticos Zaraplast Ltda.,S&#227;o Paulo /SP
5691,Rafael,marketing@aceschmersal.com.br,Ace Schmersal Eletroeletrônica Ind.l Ltda.,Boituva /SP
5700,Gilberto Hoshi,celmar@celmarnet.com.br,Celmar Comercial e Importadora Ltda.,S&#227;o Paulo /SP
5699,Adriana de Godoi,adriana.godoi@tirreno.com.br,Tirreno Ind. e Com. de Produtos Químicos Ltda.,Diadema /SP
5681,Bianca,bianca@pce-brasil.com,PCE Imp. Com. e Manutenção de Material Cirúrgico Ltda.,S&#227;o Paulo /SP
5685,Fernando Araújo Vitor,jakatz@ibm.net,Ind. e Com. Jolitex Ltda.,S&#227;o Bernardo do Campo /SP
5704,Marcos Silveira,marcos.silveira@pavax.com.br,Pavax Com. e Representação Ltda.,Barueri /SP
5688,Geraldo Mendonça,plpcoml@plpbrasil.com.br,Plp - Produtos para Linhas Preformados Ltda.,S&#227;o Paulo /SP
5702,Wagner Perez,wagner.perez@stork.com,Stork Prints Brasil Ltda.,Piracicaba /SP
5707,Ana Luiza Teixeira,analuiza.teixeira@habasit.com.br,Habasit do Brasil Ind. e Com. de Correias Ltda.,Barueri /SP
5709,Henrique,sintenac@sintenac.com.br,Sintenac Ind. e Com. de Produtos Sintéticos Ltda.,Diadema /SP
5711,Justino Salgueiro,surptos@melitta.com.br,Melitta do Brasil Ind. e Com. Ltda.,S&#227;o Paulo /SP
5714,Cristine Rodrigues,rossetmaq@terra.com.br,Rosset Com. de Máquinas Gráficas Ltda.,S&#227;o Paulo /SP
5716,Rogério,compras@evolutionluz.com.br,Evolution Com. Imp. e Exp. Ltda.,Tabo&#227;o da Serra /SP
5726,Dorival Ferrari,dacarto@dacarto.com.br,Dacarto S.A. Ind. de Plásticos,Osasco /SP
5718,Jair Zanandrea,zanaflex@snet.com.br,Zanandrea Cia. Ltda.,Cotia /SP
5748,Edna Jewel,arteb@arteb.com.br,Indústrias Arteb S.A.,S&#227;o Bernardo do Campo /SP
5743,Jutta Hosman,wafios@sol.com.br,Fábrica de Máquinas Wdb Ltda.,S&#227;o Paulo /SP
5721,Rui Messias Barbosa,task@taskimpex.com.br,Task de Representação Imp. e Exp. Ltda.,S&#227;o Paulo /SP
5738,Antonio Hideo Hiroki,sakata@sakata.com.br,Sakata Seed Sudamerica Ltda.,Bragan&#231;a Paulista /SP
5747,Leia Pacheco,arbolleia@terra.com.br,Arbol Comércio de Papéis Ltda.,S&#227;o Paulo /SP
5755,Kátia Gonzalez,dolfinsp@dolfin.com.br,Dolfin Ind. e Com. Ltda.,Louveira /SP
5764,Mario Motta / Lillian Dionísia,mmotta@livrariacultura.com.br,Livraria Cultura S.A.,S&#227;o Paulo /SP
5774,Dalila Yamamoto,compras@nsam.com.br,Ns Indústria de Aparelhos Médicos Ltda.,S&#227;o Paulo /SP
5771,Paulo,ipaina@uol.com.br,Ipanema Importadora Ltda,Sao Paulo /SP
5775,Marcelo Molterer,info@dinatecnica.com.br,Dinatécnica Ind. e Com. Ltda.,Embu /SP
5777,Eli Novais,compras@anion.com.br,Anion Química Industrial Ltda.,Jandira /SP
5776,Manfredini,manfredini@royalcanin.com.br,Royal Canin do Brasil Ind. e Com. Ltda.,Descalvado /SP
5770,Herminio De Almeida Filho,herminio@apsen.com.br,Apsen Farmacêutica S.A.,S&#227;o Paulo /SP
5779,Ivini Granado,export@predilecta.com.br,Ind. e Com. de Conservas Alimentícias Predilecta Ltda.,Mat&#227;o /SP
5763,Rita De Cassia,rita.cassia@ips.invensys.com,Invensys Systems Brasil Ltda.,S&#227;o Paulo /SP
5803,Alex,alex@maurano.com.br,Maurano Maurano Ltda,Sao Paulo /SP
5790,Adenilson Antonio dos Santos,adenilson@selectchemie.com.br,Selectchemie Importação Exportação e Representações Ltd,Sao Paulo /SP
5784,Zago,datiquim@datiquim.com.br,Centro Sul Repres. Com. Imp. Exp.Ltda.,Guarulhos /SP
5783,Leandro Lopes Ferreira,marketing@siva.com.br,Siva Ind. e Com. de Artefatos de Arame e Aço Ltda.,Itaquaquecetuba /SP
5806,Nicholas Deakin,ndeakin@rontan.com.br,Rontan Eletro Metalúrgica Ltda.,Tatu&#237; /SP
5800,Marcos Roberto Gomes,centauro@centaurobrasil.com.br,Centauro Ind. e Com. Ltda.,Guarulhos /SP
5795,Suelen,suelen@gail.com.br,Gail Guarulhos Ind. e Com. Ltda.,Guarulhos /SP
5788,Dirnei de Almeida,index@indextornos.com.br,Index Tornos Automáticos Ind. e Com. Ltda.,Sorocaba /SP
5808,Marcio Favilla,fhassun@hellermanntyton.com.br,Hellermanntyton Ltda.,Jundia&#237; /SP
5781,Gislene Vilalva,sacmi@sacmi.com.br,Sacmi do Brasil Ind. e Com. Ltda.,S&#227;o Paulo /SP
5813,Lúcia Nali,juntas@teadit.com.br,Teadit Juntas Ltda.,Campinas /SP
5837,Roberto Lobo / Renata Federighi,"roberto.lobo@duoflex,com.br",Opetra Ind. e Com. de Travesseiros Ltda.,Vinhedo /SP
5823,Daniela Salfatis,dni@dni.com.br,DNI Dani Condutores Elétricos Ltda.,S&#227;o Paulo /SP
5826,Wilson Parlermo,kdecanini@stiefel.com.br,Laboratórios Stiefel Ltda.,Guarulhos /SP
5841,Osvaldo Valiengo,zaliengood@coring.com,Corning Brasil Ind. e Com. Ltda.,Suzano /SP
5809,Cristiane,compras@brotolegal.com.br,Broto Legal Alimentos Ltda.,Campinas /SP
5816,Jose Dias Martins Pereira,milena@rtl.com.br,Rpl Rolamentos Paulista Ltda.,S&#227;o Paulo /SP
5840,Fernando Jose de Lima,penzel@penzel.com.br,Penzel Comercio Exterior Ltda,Sao Paulo /SP
5829,Arnaldo,kachani@kachani.com.br,Têxtil Irmãos Kachani Ltda.,S&#227;o Paulo /SP
5842,Lia Valverde,lia@goldenplus.com.br,Paulista Business Comercial Imp. e Exp. Ltda.,S&#227;o Paulo /SP
5843,Laercio Alves,laercio@tradalbrazil.com.br,Pepperl Fuchs Ltda.,S&#227;o Bernardo Do Campo /SP
5895,Maria Celia Carneiro,exportacao@morelli.com.br,Dental Morelli Ltda.,Sorocaba /SP
5902,Marcos,ortomedic@ortomedic.com.br,Ortomedic Distribuidora de Implantes Ortopédicos Ltda.,S&#227;o Bernardo do Campo /SP
5871,Rubia,compras@egsa.com.br,Aromat Produtos Químicos Ltda.,Paul&#237;nia /SP
5900,Heitor de Piratininga,rcecco@sensormatic.com.br,Sensormatic do Brasil Eletrônica Ltda.,Barueri /SP
5872,Lucélia Soares,comex@rhotoplas.com.br,Rhotoplas Ind. e Com. de Embalagens Ltda.,Barueri /SP
5910,José Roberto Ramalho de Almeida,jroberto@basequimica.com.br,Basequimica Produtos Químicos Ltda.,&#193;guas Frias /SP
5922,Juliana Costa  /  Eliane Benacchio,juliana.costa@wirex.com.br,Wirex Cable S.A,Santa Branca /SP
5898,Cristiane Rinaldi,fuchs@fuchs-gewurz.com.br,Fuchs Gewurze do Brasil Ltda.,S&#227;o Paulo /SP
5926,Lucrecia Aparecida Bertolino Alves,adm@rrdr.com.br,Reggiana Redutores do Brasil Ltda.,Piracicaba /SP
5857,Sandra,sandra@autcomp.com.br,Aut Cia. Indl. e Importadora Ltda.,S&#227;o Paulo /SP
5942,Ani,import@engefood.com.br,Engefood Equipamentos Engenharia e Representações Ltda,Sao Caetano do Sul /SP
5918,Renata,renata@sevolhatratores.com.br,Sevilha Peças para Tratores Ltda.,S&#227;o Paulo /SP
5952,Luci Zilig,comercial@centroflora.com.br,Anidro Brasil Extrações Ltda.,Botucatu /SP
5944,Heloize,heloize@gefran.com.br,Gefran Brasil Eletroeletrônica Ltda.,S&#227;o Paulo /SP
5953,Lucia Pestana,tintas@printcor.com.br,Printcor Ind. e Com. de Tintas e Vernizes Ltda.,Diadema /SP
5961,Ednelson,epristinta@epristinta.com.br,Fábrica de Artefatos de Latex Estrela - Epristinta Ltda.,S&#227;o Roque /SP
5963,Cristiano Machado,prosintese@prosintese.com.br,Comércio e Imp. de Prod. Médicos Hospit. Prosintese Ltda.,S&#227;o Paulo /SP
5966,David Oksman,doksman@sogefi.com.br,Sogefi Ind. de Autopeças Ltda.,S&#227;o Bernardo do Campo /SP
5964,Alethea  (Sra.),compras@trousseau.com.br,Gvr Home Ind. e Com. de Enxovais Ltda. -Trousseau,S&#227;o Paulo /SP
5968,Gustavo,gustavo@vertecplan.com.br,Verona Imp. e Exportações Ltda.,S&#227;o Paulo /SP
5972,Laura,laurak@takasago.com.br,Takasago Fragrâncias e Aromas Ltda.,Diadema /SP
5969,José Alfredo Brates,comex.gequimica@ig.com.br,Gequímica Produtos Química Ltda.,S&#227;o Paulo /SP
5977,Reginaldo,reginaldo.baroni@br.endress.com,Cross Link Consultoria e Com. Ltda.,S&#227;o Paulo /SP
5981,Denise,recep@madepar.com.br,Madepar Laminados S.A.,S&#227;o Paulo /SP
5975,Ivo,ivo.junior@assaiatacadista.cm.br,Citratus Indústria e Comércio de Produtos Químicos Ltda.,Vinhedo /SP
5987,Solange,solange@ibg.com.br,Ibg Industria Brasileira de Gases Ltda,Jundia&#237; /SP
5992,Tarso Gobbi,msilc@msilc.com.br,Elkem Materials South America Ltda.,Diadema /SP
5990,Robervagner Salgado,info@belverbrasil.com.br,Belver Instrumentos Eletrônicos Ltda.,Campinas /SP
5993,Cláudio Alves,claudio.alves@bertelsmann.de,Sonopress - Rimo Ind. e Com. Fonográfica Ltda.,S&#227;o Paulo /SP
6000,Maina Miaoka,tanquimica@uol.com.br,Tanquímica Ind. e Com. Ltda.,Diadema /SP
6002,Francisco Fontenele,tredegar@uol.com.br,Tredegar Brasil Ind. de Plásticos Ltda.,Diadema /SP
6001,Ralfi Mayer,ralfimayer@graficaoceano.com.br,Oceano Industria Gráfica e Editora Ltda.,Cajamar /SP
6012,Karine,karine@jgmoriya.com.br,JG Moriya Rep. Imp. Exportadora e Coml. Ltda.,S&#227;o Paulo /SP
6010,Regina Catarino,planam@planm.com.br,Planam Forros e Divisorias Ltda.,S&#227;o Paulo /SP
6014,Bianca,import2@intersteel.com.br,Intersteel Aços e Metais Ltda.,S&#227;o Paulo /SP
6011,Rafael,finepack@finepack.com.br,Finepack Industria Tecnica de Embalagens Ltda,Itupeva /SP
6018,Rita,jotaeme@jotaeme.com.br,Jotaeme - Fitafer Ind. Metalúrgica Ltda.,Franco da Rocha /SP
6016,Bruno Manzano,b.manzano@lipochemicals.com.,Lipo do Brasil Ltda.,S&#227;o Paulo /SP
6022,Fabio Arantes,nicrom@nicromquimica.com.br,Nicrom Química Ltda.,Santana de Parnaiba /SP
6024,Venceslau Muniz,muniz@sanphar.com.br,Sanphar S.A.,Campinas /SP
6030,Andrea Costa Braga,andrea@iccbrazil.com.br,Icc Industrial Com. Exp. e Imp. Ltda.,S&#227;o Paulo /SP
6031,Adelino José Araujo,comex@resil.com.br,Resil Comercial Industrial Ltda.,Diadema /SP
6034,José Ricardo Xavier,asa@asaaluminio.com.br,Asa Alumínio S.A.,Campinas /SP
6036,Luis Gaj,grmusic@uol.com.br,G.R.Instrumentos Musicais Ltda.,S&#227;o Paulo /SP
6046,Daniel Fernandes,compras@flutrol.com.br,Flutrol Comercio e Controle de Fluidos Ltda,S&#227;o Paulo /SP
6032,America Oliveira,lrigo@brascabos.com.br,Brascabos Componentes Elétricos e Eletrônicos Ltda.,Rio Claro /SP
6047,Jairo Martins,jairo@proparts.esp.br,Proparts Power Comércio e Importacão Ltda.,S&#227;o Paulo /SP
6072,Denis Rojas,foothills@foothills.com.br,Foothills Indústria e Comércio Ltda.,S&#227;o Paulo /SP
6066,Mauro G. Gomes,bitzer@bitzer.com.br,Bitzer Compressores Ltda.,S&#227;o Paulo /SP
6067,Fernando Garcia,dispafilm@dispafilm.com.br,Dispafilm do Brasil Ltda.,Guarulhos /SP
6049,Karina Balejo,karina.balejo@gen.com.br,Gênese Produtos Farmacêuticos e Diagnósticos Ltda.,S&#227;o Paulo /SP
6074,Luiz Macedo,luiz.macedo@tubosipiranga.com.br,United Medical Ltda.,S&#227;o Bernardo do Campo /SP
6080,Marcio Garcia,info@hbr.haldex.com,Haldex do Brasil Ind. e Com. Ltda.,S&#227;o Paulo /SP
6073,Edson Ferreira De Souza Jr,btech@btech.com.br,Btech Tecnologias Agropecuarias e Comércio Ltda.,S&#227;o Paulo /SP
6077,Rebeca,rebeca@canopusquimica.com.br,Canopus Ind. e Com. de Produtos Químicos Ltda.,Diadema /SP
6075,Luciana Masetti,pbarros@hypercom.com,Hypercom do Brasil Ind. e Com. Ltda.,S&#227;o Paulo /SP
6084,Da Sian Shih,dasian@multitoc.com.br,Tel Telecomunicações e Eletrônica Ltda.,S&#227;o Paulo /SP
6085,Eduardo Corigliano,mcenter@microcenter-mc.com.br,Microcenter Teleinformática Comercio e Repres Ltda,Sao Paulo /SP
6091,Raimundo Silveira,brasilbor@brasilbor.com.br,Brasilbor Comércio e Representações Ltda.,S&#227;o Paulo /SP
6094,Edvaldo Zara,hecton@aczinox.com.br,Acz Inox Comercial Ltda,Sao Bernardo do Campo /SP
6101,Antônio Paulino,rebela@deltabr.com.br,Rebela Comercial Exportadora Ltda.,S&#227;o Paulo /SP
6104,Joao Marinho,erasmosundown@sundown.com.br,Divina Dist de Vitaminas Naturais Sundown R Brasil Ltda.,S&#227;o Paulo /SP
6099,Flávio Luis Basso,vendas@isocoat.com.br,Isocoat Tintas e Vernizes Ltda.,Aracariguama /SP
6123,Mitiyo Munakata,japi.sa@japi.com.br,Japi S.A. Ind. e Com.,Jundia&#237; /SP
6124,Marcos Alexandre,plasticosbariri@plasticosbariri.com.br,Indústria de Plásticos Bariri Ltda.,Bariri /SP
6136,Marcos Rego,marcos.rego@totalbr.com.br,Total Lubrificantes do Brasil Ltda.,Pindamonhangaba /SP
6140,Lyvia /Ailton,lyvia@vivox.com.br,Vivox Com. Imp. e Exp. Ltda.,S&#227;o Paulo /SP
6138,Marcio Schiaveto,addn@addn.com.br,Addn Assistência Técnica Com. e Ind. Ltda.,Sert&#227;ozinho /SP
6159,Massanori Kataoka,massanorikataoka@unichem.com.br,Unichem Comércio Importação e Exportação Ltda.,S&#227;o Paulo /SP
6175,Mikaela / Fabiana,sales.brazil@fronius.com,Industrial Acrilan Ltda.,Diadema /SP
6151,Loretto Bove,loreto@manikraft.com.br,Manikraft Guainazes Ind. de Celulose e Papel Ltda.,Suzano /SP
6143,Luciana  /  Alan,zimex@zimex.com.br,Comercial Zimex Ltda.,S&#227;o Paulo /SP
6144,Rude,rude@japanparts.com.br,Fast Lube Comércio de Lubrificantes Ltda.,S&#227;o Paulo /SP
6156,Adriana,fenixsp@yahoo.com.br,Fênix Comercio Importação e Exportação Ltda,Sao Paulo /SP
6157,Kátia Silva,katia.silva@gbo.com,Greiner Bio-One Brasil Produtos Médicos Hospitalares Ltda.,Americana /SP
6172,Carlos Roberto Sowik,delmar@delmar.com.br,Fábrica de Peças Elétricas Delmar Ltda.,Tatu&#237; /SP
6203,Monica F Gil,importacao@westlock.com.br,Westlock Equipamentos de Controle Ltda.,Barueri /SP
6205,Fernando,financeiro@sfera.com.br,Sfera Comercial e Importadora Ltda,Sao Paulo /SP
6197,José Roberto Tavares Brunherotto,parquet@indusparquet.com.br,Indusparquet Ind. e Com. de Madeiras Ltda.,Ti&#234;te /SP
6206,Marcos Pereira dos Santos,marcos@euroquadros.com.br,Euroquadros Ind. Imp. e Exp. Ltda.,Roseira /SP
6198,Jayne Silva,jsilva@meyn.com,Meyn Ddo Brasil - Máquinas e Equipamentos Industriais Ltda.,Campinas /SP
6226,Joelson Ferreira,joelson@watercryl.com.br,Watercryl Química Ltda,Palmital /SP
6228,Cristiane,eurtoex@eurotex.com.br,Eurotex Com. e Imp. Ltda.,S&#227;o Bernardo do Campo /SP
6233,Alberto,alberto@victorinox.com.br,Victorinox do Brasil Com. Imp e Exp. Ltda.,S&#227;o Paulo /SP
6219,Gisele Pavan,alcar@alcar.com.br,Alcar Abrasivos Ltda.,Vinhedo /SP
6211,Vagner Brito,vagner.brito@edra.com.br,Edra Saneamento Básico Ind. e Com.Ltda.,Ipe&#250;na /SP
6240,Rita,exportacao@cromus.com.br,Cromus Embalagens Ind e Com Ltda.,S&#227;o Paulo /SP
6234,Vera Hamerski,vera@adelbras.com,Adelbras Ind. e Com. de Adesivos Ltda.,Valinhos /SP
6282,Paulo Crespo,paulocrespo@arinox.com.br,Pelkote Ind. e Com. de Papéis Ltda.,S&#227;o Paulo /SP
6292,Andréa,quimanil@quimanil.com.br,Quimanil Produtos Químicos Ltda.,S&#227;o Paulo /SP
6288,Paula Gonzaga,pgonzaga@husky.ca,Husky do Brasil Sistemas de Injeção Ltda.,Jundia&#237; /SP
6281,Herze Dulaurans,herze@bonduelle.com.br,Bonduelle do Brasil Produtos Alimentícios Ltda.,S&#227;o Paulo /SP
6295,Tereza,victor-sucar@milliken.com,Autotex Ind. e Com. Têxtil Ltda.,Aruj&#225; /SP
6360,Janisse de Oliveira,destrosp@destromacro.com.br,Comercial Destro Ltda.,Jundia&#237; /SP
6443,Angélica,angelica@zanattoschupp.com.br,"Zanatto, Schupp & Cia Ltda.",S&#227;o Paulo /SP
6505,Sallon,alexandreacris@vivax.com.br,Cia. Hering,Mat&#227;o /SP
6617,Iraci,atendimento@textilmatec.com.br,Vetor Materiais Elétricos e Automotivos Ltda.,Franco da Rocha /SP
6597,Flavio,flavio@tovani.com.br,Polyfit Ind. e Com. Ltda.,S&#227;o Paulo /SP
6919,Márcia,marcia@wackermaquinas.com.br,Wacker Máquinas Ltda.,Jundia&#237; /SP
7074,Antonio I. de Assis,export@rud.com.br,Rud Correntes Industriais Ltda.,Mogi das Cruzes /SP
6976,Erivaldo Neves,harald@nutecnet.com.br,Harald Ind. e Com. de Alimentos Ltda.,Santana de Parnaiba /SP
6772,João,joao@caporal.com.br,Iimak da Amazônia Fitas Para Impressão Ltda.,S&#227;o Paulo /SP
7164,Arris,extrainfo@vivax.com.br,Leitz Ferramentas para Madeira Ltda.,S&#227;o Paulo /SP
7297,Stela Pavlakis,stela.pavlakis@cas.com.br,CAS - Produtos Médicos Ltda.,S&#227;o Paulo /SP
7424,Alex Sandro Ratão Barbara,alex.export@kidy.com.br,Kidy Birigui Calçados Ind. e Com. Ltda.,Birig&#252;i /SP
7419,Roberto Cury,bordadoscury@terra.com.br,Comércio de Bordados Rendas e Tecidos Cury Ltda.,Piracicaba /SP
7429,Osny José Lessa,beumer.ltd@brasil.beumer.com.br,Beumer Latinoamericana de Equipamentos Ltda.,Campinas /SP
7432,Luciano Bonini,luciano.bonini@us.interfaceinc.com,Interface Flooring Systems Comercial Ltda.,S&#227;o Paulo /SP
7433,Fabiane Murakmi /Juliana,fabiane@wog.com.br,Wog Comércio de Metais Sanitários Ltda.,S&#227;o Paulo /SP
7436,Aline Ando de Lima,carino@carino.com.br,Carino Ingredientes Ltda.,Mar&#237;lia /SP
7437,Lílian Santos,stamptec@stamptec.com.br,Stamptec Ind. e Com. de Peças Estampadas Ltda.,S&#227;o Paulo /SP
7438,Livia R Rocha,fluid@fluidbrasil.com.br,Fluid Brasil Sistemas e Tecnologia Ltda.,Jundiai /SP
7439,Treice Oliveira,treice.oliveira@veolia.com,VWS Brasil Ltda.,Cotia /SP
7444,Mauro Majerowicz,mauro@polyorganic.com.br,Polyorganic Tecnologia Ltda.,S&#227;o Paulo /SP
